word,small_class,cilin_code,relation,line_id,small_label,x,y,z
主星,Bd01,Bd01B17,#,7480,Bd01 · 自然界,-7.775575,-4.6486416,15.391788
二十八宿,Bd01,Bd01B02,=,7465,Bd01 · 自然界,-4.837847,5.6128902,5.598123
五星,Bd01,Bd01B17,#,7480,Bd01 · 自然界,-5.1128592,-6.1597495,12.310948
人造卫星,Bd01,Bd01B15,@,7478,Bd01 · 自然界,-5.0315967,-7.1472764,18.997087
人造行星,Bd01,Bd01B16,#,7479,Bd01 · 自然界,-5.0114746,-6.484147,19.491232
仙后座,Bd01,Bd01B19,#,7482,Bd01 · 自然界,-10.42132,0.779846,15.5585985
伴星,Bd01,Bd01B17,#,7480,Bd01 · 自然界,-6.2275367,-3.9622056,17.347868
六合,Bd01,Bd01A01,=,7463,Bd01 · 自然界,-4.459194,6.1867924,2.603709
冥王星,Bd01,Bd01B17,#,7480,Bd01 · 自然界,-10.349447,-2.1034548,16.249292
北斗,Bd01,Bd01B10,=,7473,Bd01 · 自然界,-9.696285,1.1058003,8.006181
北斗星,Bd01,Bd01B10,=,7473,Bd01 · 自然界,-8.168332,-0.8983396,15.003804
北极星,Bd01,Bd01B11,=,7474,Bd01 · 自然界,-7.58015,-0.75359887,15.204304
北辰,Bd01,Bd01B11,=,7474,Bd01 · 自然界,-8.909091,1.0852011,6.283803
卫星,Bd01,Bd01B16,#,7479,Bd01 · 自然界,-7.901831,-4.168429,19.580606
变星,Bd01,Bd01B17,#,7480,Bd01 · 自然界,-5.7504044,-2.9070618,18.728714
同步卫星,Bd01,Bd01B16,#,7479,Bd01 · 自然界,-4.9455137,-7.192604,18.108335
启明,Bd01,Bd01B04,=,7467,Bd01 · 自然界,-3.9925158,14.043487,0.30497548
启明星,Bd01,Bd01B04,=,7467,Bd01 · 自然界,-6.7374015,-3.5579677,11.538325
哈雷彗星,Bd01,Bd01B12,=,7475,Bd01 · 自然界,-5.824949,-6.33091,17.018951
土星,Bd01,Bd01B17,#,7480,Bd01 · 自然界,-11.165027,-3.8603997,18.84847
土星,Bd01,Bd01B07,=,7470,Bd01 · 自然界,-10.587534,-4.083952,18.66994
坍缩星,Bd01,Bd01B17,#,7480,Bd01 · 自然界,-4.7729855,-5.586151,17.30409
夜明星,Bd01,Bd01B17,#,7480,Bd01 · 自然界,-7.3018694,-3.4740896,12.6844635
大熊座,Bd01,Bd01B19,#,7482,Bd01 · 自然界,-11.542428,0.9942348,15.184655
大犬座,Bd01,Bd01B19,#,7482,Bd01 · 自然界,-11.769756,0.70731896,14.614803
大自然,Bd01,Bd01A01,=,7463,Bd01 · 自然界,1.9925624,-1.7248697,14.177319
天体,Bd01,Bd01A01,=,7463,Bd01 · 自然界,-3.4187942,-1.9518399,20.22366
天南星,Bd01,Bd01B17,#,7480,Bd01 · 自然界,-8.043174,-1.870531,13.567029
天狼星,Bd01,Bd01B17,#,7480,Bd01 · 自然界,-9.300589,-1.8126923,15.498623
天王星,Bd01,Bd01B17,#,7480,Bd01 · 自然界,-9.763183,-1.6347765,16.065443
天琴座,Bd01,Bd01B19,#,7482,Bd01 · 自然界,-10.861726,-0.36661607,15.747382
天罡,Bd01,Bd01B17,#,7480,Bd01 · 自然界,-9.183156,-0.39909214,11.978952
天罡星,Bd01,Bd01B10,=,7473,Bd01 · 自然界,-9.151095,-1.0608654,13.000545
天蝎座,Bd01,Bd01B19,#,7482,Bd01 · 自然界,-11.831699,-0.8652185,15.586227
太白星,Bd01,Bd01B04,=,7467,Bd01 · 自然界,-8.271516,-2.3129728,14.140082
太阳系,Bd01,Bd01B20,#,7483,Bd01 · 自然界,-7.0834775,-0.4629338,18.295069
宇宙,Bd01,Bd01A01,=,7463,Bd01 · 自然界,-1.0967556,-3.0166218,15.69061
宇宙空间,Bd01,Bd01A01,=,7463,Bd01 · 自然界,-0.7150837,-3.3017247,15.775985
宏观世界,Bd01,Bd01A01,=,7463,Bd01 · 自然界,2.9234474,-2.2105696,15.190263
客星,Bd01,Bd01B14,=,7477,Bd01 · 自然界,-7.184243,-5.152558,14.178784
小行星,Bd01,Bd01B16,#,7479,Bd01 · 自然界,-4.847066,-3.209811,21.542301
岁星,Bd01,Bd01B06,=,7469,Bd01 · 自然界,-3.5183606,-1.9064837,11.612519
彗星,Bd01,Bd01B12,=,7475,Bd01 · 自然界,-7.559632,-3.43759,18.439386
恒星,Bd01,Bd01B16,#,7479,Bd01 · 自然界,-6.8926835,-2.7486415,19.352777
扫帚星,Bd01,Bd01B12,=,7475,Bd01 · 自然界,-9.7181635,-4.3109527,13.242948
旋涡星云,Bd01,Bd01B18,#,7481,Bd01 · 自然界,-4.3502517,-4.2266226,17.539427
日月星辰,Bd01,Bd01B01,=,7464,Bd01 · 自然界,-4.0453925,0.6373333,14.326588
昏星,Bd01,Bd01B04,=,7467,Bd01 · 自然界,-7.0107827,-4.2200174,13.775995
星云,Bd01,Bd01B18,#,7481,Bd01 · 自然界,-4.80929,-2.3234155,17.209438
星体,Bd01,Bd01B01,=,7464,Bd01 · 自然界,-3.6064558,-2.0255504,19.243267
星体,Bd01,Bd01A01,=,7463,Bd01 · 自然界,-3.9018393,-1.7880493,19.360638
星团,Bd01,Bd01B18,#,7481,Bd01 · 自然界,-3.7107515,-1.7135633,17.402359
星宿,Bd01,Bd01B02,=,7465,Bd01 · 自然界,-4.5938244,-1.0555844,17.054342
星座,Bd01,Bd01B02,=,7465,Bd01 · 自然界,-3.7700524,0.065116175,17.27192
星斗,Bd01,Bd01B01,=,7464,Bd01 · 自然界,-4.412562,-0.92685044,15.869389
星河,Bd01,Bd01B03,=,7466,Bd01 · 自然界,-4.7887545,-2.3995721,14.991341
星球,Bd01,Bd01B01,=,7464,Bd01 · 自然界,-3.3985171,-2.7158825,15.664807
星辰,Bd01,Bd01B01,=,7464,Bd01 · 自然界,-4.239337,-0.28721672,15.426906
星际,Bd01,Bd01B18,#,7481,Bd01 · 自然界,-3.1101334,-2.3533807,15.686041
晨星,Bd01,Bd01B04,=,7467,Bd01 · 自然界,-5.592739,-3.9388833,12.875548
木星,Bd01,Bd01B06,=,7469,Bd01 · 自然界,-10.501527,-3.1089911,18.17799
气象卫星,Bd01,Bd01B16,#,7479,Bd01 · 自然界,-5.523214,-8.056575,17.978558
水星,Bd01,Bd01B17,#,7480,Bd01 · 自然界,-11.390121,-2.3929508,18.79945
河汉,Bd01,Bd01B03,=,7466,Bd01 · 自然界,-5.954685,0.7853671,6.0298295
海星,Bd01,Bd01B17,#,7480,Bd01 · 自然界,-7.184584,-2.9963527,16.659643
火星,Bd01,Bd01B17,#,7480,Bd01 · 自然界,-10.03611,-3.4008555,19.782127
火星,Bd01,Bd01B05,=,7468,Bd01 · 自然界,-10.466321,-3.124906,19.922775
牛郎星,Bd01,Bd01B09,=,7472,Bd01 · 自然界,-9.732835,-3.13195,13.557811
牵牛星,Bd01,Bd01B09,=,7472,Bd01 · 自然界,-11.038352,-2.4413435,14.288433
猎户座,Bd01,Bd01B19,#,7482,Bd01 · 自然界,-10.847192,0.3035022,14.698913
白矮星,Bd01,Bd01B17,#,7480,Bd01 · 自然界,-6.032086,-4.524309,19.194576
白虎星,Bd01,Bd01B12,=,7475,Bd01 · 自然界,-10.185667,-1.8407689,14.458331
穹庐,Bd01,Bd01A01,=,7463,Bd01 · 自然界,-12.327761,6.1399407,3.9780736
类地行星,Bd01,Bd01B16,#,7479,Bd01 · 自然界,-4.62233,-4.7882123,20.531305
类新星,Bd01,Bd01B17,#,7480,Bd01 · 自然界,-4.3396463,-4.820287,19.130554
类星体,Bd01,Bd01B18,#,7481,Bd01 · 自然界,-4.437093,-3.756285,20.065527
类木行星,Bd01,Bd01B16,#,7479,Bd01 · 自然界,-5.312653,-5.054052,20.57686
繁星,Bd01,Bd01B01,=,7464,Bd01 · 自然界,-5.224259,-4.937646,13.785978
红星,Bd01,Bd01B17,#,7480,Bd01 · 自然界,-5.458079,-4.9396114,12.659279
织女,Bd01,Bd01B08,=,7471,Bd01 · 自然界,-8.760706,1.5016037,-3.5623927
织女星,Bd01,Bd01B08,=,7471,Bd01 · 自然界,-10.285207,-2.8148165,13.098533
群星,Bd01,Bd01B18,#,7481,Bd01 · 自然界,-5.875729,-3.4459896,13.687952
老人星,Bd01,Bd01B13,=,7476,Bd01 · 自然界,-8.20588,-3.701859,12.438008
脉冲星,Bd01,Bd01B17,#,7480,Bd01 · 自然界,-5.590473,-4.693365,16.57721
自然界,Bd01,Bd01A01,=,7463,Bd01 · 自然界,2.0631256,-2.1784623,14.167381
荧惑,Bd01,Bd01B05,=,7468,Bd01 · 自然界,-4.721505,6.515474,-3.9724157
行星,Bd01,Bd01B16,#,7479,Bd01 · 自然界,-5.593774,-2.4981444,20.708351
褐矮星,Bd01,Bd01B17,#,7480,Bd01 · 自然界,-5.574398,-4.4054065,18.977692
通讯卫星,Bd01,Bd01B16,#,7479,Bd01 · 自然界,-4.4487343,-8.323736,17.969524
金星,Bd01,Bd01B17,#,7480,Bd01 · 自然界,-9.73362,-1.9283144,18.649273
金星,Bd01,Bd01B04,=,7467,Bd01 · 自然界,-9.73362,-1.9283144,18.649273
铱星,Bd01,Bd01B17,#,7480,Bd01 · 自然界,-7.2289844,-4.1470976,16.475546
银汉,Bd01,Bd01B03,=,7466,Bd01 · 自然界,-6.187482,0.79616743,6.0338445
银河,Bd01,Bd01B03,=,7466,Bd01 · 自然界,-5.883236,-1.9805282,15.61111
银河系,Bd01,Bd01B20,#,7483,Bd01 · 自然界,-6.777637,-0.6596684,18.202692
镇星,Bd01,Bd01B07,=,7470,Bd01 · 自然界,-6.7712646,-5.735004,13.055665
长庚,Bd01,Bd01B04,=,7467,Bd01 · 自然界,-7.8927097,2.9988778,2.9358368
陨星,Bd01,Bd01B14,=,7477,Bd01 · 自然界,-7.692391,-4.422122,17.87283
陨石,Bd01,Bd01B14,=,7477,Bd01 · 自然界,-8.380479,-6.653878,18.279835
陨铁,Bd01,Bd01B14,=,7477,Bd01 · 自然界,-8.4762,-6.7974105,18.277742
万花山,Be04,Be04A16,#,7551,Be04 · 支脉,-14.380762,1.3004789,6.3622446
三清山,Be04,Be04A16,#,7551,Be04 · 支脉,-15.560321,1.3234853,4.732952
上坡,Be04,Be04B05,#,7556,Be04 · 支脉,-13.789679,12.561749,6.475735
上方山,Be04,Be04A16,#,7551,Be04 · 支脉,-15.870027,4.351343,1.7925291
丘陵,Be04,Be04A06,=,7541,Be04 · 支脉,-12.821554,8.721521,4.599474
乌蒙山,Be04,Be04A16,#,7551,Be04 · 支脉,-16.354675,2.6452408,6.8477206
乐山,Be04,Be04A16,#,7551,Be04 · 支脉,-19.883665,4.578493,4.636725
云崖,Be04,Be04A11,=,7546,Be04 · 支脉,-13.621144,6.288022,5.0473733
伍员山,Be04,Be04A16,#,7551,Be04 · 支脉,-10.981344,0.6704568,0.9624579
休火山,Be04,Be04A15,#,7550,Be04 · 支脉,-15.480977,3.390762,9.345657
光山,Be04,Be04A16,#,7551,Be04 · 支脉,-20.608181,6.143975,4.219645
八宝山,Be04,Be04A16,#,7551,Be04 · 支脉,-14.39978,1.5202237,5.101489
六盘山,Be04,Be04A16,#,7551,Be04 · 支脉,-16.022099,-0.43714076,5.3615046
关山,Be04,Be04A16,#,7551,Be04 · 支脉,-19.463387,3.0663254,3.6973598
兴山,Be04,Be04A16,#,7551,Be04 · 支脉,-17.710157,4.4739065,3.7386303
冈山,Be04,Be04A16,#,7551,Be04 · 支脉,-21.012297,4.0377035,3.4512544
冈峦,Be04,Be04A04,=,7539,Be04 · 支脉,-19.614628,1.8157,2.4927392
冈陵,Be04,Be04A04,=,7539,Be04 · 支脉,-12.49447,5.3302813,3.9688325
北岳,Be04,Be04A16,#,7551,Be04 · 支脉,-10.077589,1.3446344,7.872328
千佛山,Be04,Be04A16,#,7551,Be04 · 支脉,-15.507435,1.1457014,5.889599
华蓥山,Be04,Be04A16,#,7551,Be04 · 支脉,-16.863434,3.1482635,4.759836
古山,Be04,Be04A16,#,7551,Be04 · 支脉,-19.130753,4.182894,4.1529236
后山,Be04,Be04A16,#,7551,Be04 · 支脉,-15.914689,5.262179,3.4213378
圆通山,Be04,Be04A16,#,7551,Be04 · 支脉,-15.252604,1.2236273,3.318973
土包,Be04,Be04A05,=,7540,Be04 · 支脉,-5.348215,9.214181,-5.2755203
土山,Be04,Be04A05,=,7540,Be04 · 支脉,-18.842827,5.1803427,1.5613469
大容山,Be04,Be04A16,#,7551,Be04 · 支脉,-15.9412985,2.4905093,4.3300943
太行,Be04,Be04A16,#,7551,Be04 · 支脉,-9.15913,2.771279,4.841422
太行山,Be04,Be04A16,#,7551,Be04 · 支脉,-17.025085,0.31671408,4.3971853
夹金山,Be04,Be04A16,#,7551,Be04 · 支脉,-16.114439,2.7034512,5.9890895
威虎山,Be04,Be04A16,#,7551,Be04 · 支脉,-16.616383,1.1370385,7.033106
孤山,Be04,Be04A16,#,7551,Be04 · 支脉,-17.27794,6.67237,5.328429
安第斯山,Be04,Be04A16,#,7551,Be04 · 支脉,-15.809506,1.9561206,8.444711
宗山,Be04,Be04A16,#,7551,Be04 · 支脉,-18.945736,5.7661967,3.1286883
宝顶山,Be04,Be04A16,#,7551,Be04 · 支脉,-14.495221,2.4970357,4.739134
层峦迭嶂,Be04,Be04A06,=,7541,Be04 · 支脉,-11.14842,10.239837,7.145496
山下,Be04,Be04A08,=,7543,Be04 · 支脉,-16.1161,11.07375,5.5407686
山丘,Be04,Be04A05,=,7540,Be04 · 支脉,-15.454274,9.923042,5.4575787
山体,Be04,Be04A01,=,7536,Be04 · 支脉,-14.260061,8.560067,8.815313
山凹,Be04,Be04A10,=,7545,Be04 · 支脉,-15.267794,7.93575,7.329889
山嘴,Be04,Be04A08,=,7543,Be04 · 支脉,-16.321564,6.9372096,7.4037724
山坡,Be04,Be04B02,=,7553,Be04 · 支脉,-14.802372,10.236901,6.27727
山岭,Be04,Be04A06,=,7541,Be04 · 支脉,-16.087364,8.751093,6.011607
山崖,Be04,Be04A11,=,7546,Be04 · 支脉,-14.526564,8.127857,5.9088755
山巅,Be04,Be04A09,=,7544,Be04 · 支脉,-15.488963,10.06652,6.913088
山脊,Be04,Be04A09,=,7544,Be04 · 支脉,-13.578562,9.146878,6.964364
山腰,Be04,Be04A09,=,7544,Be04 · 支脉,-14.246291,9.168693,7.478351
山谷,Be04,Be04A10,=,7545,Be04 · 支脉,-15.247403,8.91589,4.893463
山野,Be04,Be04A13,=,7548,Be04 · 支脉,-16.37237,8.889625,3.9444761
岚山,Be04,Be04A16,#,7551,Be04 · 支脉,-21.598276,3.3335094,4.1056166
岷山,Be04,Be04A16,#,7551,Be04 · 支脉,-20.508263,1.656929,5.640813
峨嵋山,Be04,Be04A16,#,7551,Be04 · 支脉,-17.92789,-0.14458917,6.2682023
峭壁,Be04,Be04A11,=,7546,Be04 · 支脉,-12.358237,9.814619,6.7628117
峰顶,Be04,Be04A07,=,7542,Be04 · 支脉,-13.5836735,7.964411,7.121453
崂山,Be04,Be04A16,#,7551,Be04 · 支脉,-21.566595,1.803785,5.232759
巴山,Be04,Be04A16,#,7551,Be04 · 支脉,-20.169983,4.9114213,5.845453
平山,Be04,Be04A16,#,7551,Be04 · 支脉,-17.660978,6.1520486,3.2873955
彝山,Be04,Be04A16,#,7551,Be04 · 支脉,-19.217754,2.252567,6.2079163
支脉,Be04,Be04A01,=,7536,Be04 · 支脉,-7.7788296,7.487342,3.5004706
桥山,Be04,Be04A16,#,7551,Be04 · 支脉,-17.492035,5.5951977,2.0656118
横路山,Be04,Be04A16,#,7551,Be04 · 支脉,-16.056015,4.957444,1.5419301
武当山,Be04,Be04A16,#,7551,Be04 · 支脉,-17.809416,-0.3121132,5.4957232
沙岭,Be04,Be04A12,=,7547,Be04 · 支脉,-18.087994,6.938292,8.287168
沟谷,Be04,Be04A10,=,7545,Be04 · 支脉,-13.51684,9.032695,4.873125
洪山,Be04,Be04A16,#,7551,Be04 · 支脉,-18.561823,3.904458,5.1178555
活火山,Be04,Be04A15,#,7550,Be04 · 支脉,-15.352702,3.2157416,9.270633
火焰山,Be04,Be04A16,#,7551,Be04 · 支脉,-13.942014,2.3116465,7.4256415
灵山,Be04,Be04A16,#,7551,Be04 · 支脉,-17.148243,4.8087997,5.6505466
燕山,Be04,Be04A16,#,7551,Be04 · 支脉,-20.522093,3.9413085,7.5773425
狭谷,Be04,Be04A10,=,7545,Be04 · 支脉,-14.722628,7.3711443,1.9251515
珠峰,Be04,Be04A16,#,7551,Be04 · 支脉,-13.325103,6.1312184,6.1141577
琼山,Be04,Be04A16,#,7551,Be04 · 支脉,-20.725328,2.3341386,6.630722
瑶山,Be04,Be04A16,#,7551,Be04 · 支脉,-18.665302,3.0170267,6.081233
白塔山,Be04,Be04A16,#,7551,Be04 · 支脉,-14.746509,2.7091048,5.880945
皮山,Be04,Be04A16,#,7551,Be04 · 支脉,-16.801565,5.0902767,7.5262437
砀山,Be04,Be04A16,#,7551,Be04 · 支脉,-18.727886,6.952767,4.117395
磁山,Be04,Be04A16,#,7551,Be04 · 支脉,-20.190817,3.0565345,8.6201315
祁连,Be04,Be04A16,#,7551,Be04 · 支脉,-19.543463,-0.76748425,4.859575
空谷,Be04,Be04A10,=,7545,Be04 · 支脉,-14.394018,7.6874504,2.6206567
罗山,Be04,Be04A16,#,7551,Be04 · 支脉,-18.913788,5.4161253,5.2194276
群山,Be04,Be04A01,=,7536,Be04 · 支脉,-16.760225,7.606628,4.8662505
翠微,Be04,Be04A02,=,7537,Be04 · 支脉,-4.753056,6.1166534,-4.958925
老铁山,Be04,Be04A16,#,7551,Be04 · 支脉,-15.251378,3.868686,6.5434318
芦山,Be04,Be04A16,#,7551,Be04 · 支脉,-17.671068,5.330108,4.564925
荒山坡,Be04,Be04B04,=,7555,Be04 · 支脉,-17.545578,8.502938,7.716508
荒山野岭,Be04,Be04A06,=,7541,Be04 · 支脉,-18.069046,8.768744,8.057314
萧山,Be04,Be04A16,#,7551,Be04 · 支脉,-19.865402,1.1648341,7.416411
蓝山,Be04,Be04A16,#,7551,Be04 · 支脉,-18.979467,5.541686,6.6570945
蜀山,Be04,Be04A16,#,7551,Be04 · 支脉,-19.823433,3.7163866,5.9823103
蟒山,Be04,Be04A16,#,7551,Be04 · 支脉,-18.279953,4.6962223,7.3952746
西北麓,Be04,Be04A14,=,7549,Be04 · 支脉,-10.194442,4.3927,5.9381857
谷底,Be04,Be04A10,=,7545,Be04 · 支脉,-0.19448335,7.6114907,-5.560559
贡山,Be04,Be04A16,#,7551,Be04 · 支脉,-18.429605,1.952877,5.099237
长梁山,Be04,Be04A16,#,7551,Be04 · 支脉,-15.642076,3.1290574,3.8664644
陡坡,Be04,Be04B05,#,7556,Be04 · 支脉,-13.816802,11.431277,6.5609426
青山,Be04,Be04A02,=,7537,Be04 · 支脉,-19.333569,6.566715,6.2183905
韶山,Be04,Be04A16,#,7551,Be04 · 支脉,-19.114319,3.4381566,7.529588
高峰,Be04,Be04A07,=,7542,Be04 · 支脉,-12.590191,7.1070924,6.7820764
齐岳山,Be04,Be04A16,#,7551,Be04 · 支脉,-17.009468,1.8631294,3.8332813
龙山,Be04,Be04A16,#,7551,Be04 · 支脉,-18.1405,4.978261,5.69864
中果皮,Bh13,Bh13A09,=,8432,Bh13 · 果子,-12.577953,9.845974,-10.262915
人心果,Bh13,Bh13A18,#,8441,Bh13 · 果子,-4.568295,9.548658,-10.930186
优种,Bh13,Bh13B18,#,8459,Bh13 · 果子,-4.1997824,4.5387793,-6.7985992
假果,Bh13,Bh13A17,#,8440,Bh13 · 果子,-5.889408,8.32213,-9.488501
假种,Bh13,Bh13B19,#,8460,Bh13 · 果子,-4.459634,4.9314137,-7.5830994
南瓜子,Bh13,Bh13B16,#,8457,Bh13 · 果子,-12.5600815,3.7978082,-6.944593
地梨,Bh13,Bh13A08,=,8431,Bh13 · 果子,-8.817767,7.972921,-6.3087034
坚果,Bh13,Bh13A17,#,8440,Bh13 · 果子,-9.940617,11.063782,-8.043942
外果皮,Bh13,Bh13A09,=,8432,Bh13 · 果子,-12.9469185,10.362581,-10.9267645
子实,Bh13,Bh13B01,=,8442,Bh13 · 果子,-10.726133,3.6111014,-2.3187735
山楂果,Bh13,Bh13A18,#,8441,Bh13 · 果子,-12.699424,9.32951,-7.716955
干果,Bh13,Bh13A17,#,8440,Bh13 · 果子,-11.114316,10.7359,-9.201438
幼穗,Bh13,Bh13B09,@,8450,Bh13 · 果子,-4.266249,4.6456075,-5.426863
文冠果,Bh13,Bh13A18,#,8441,Bh13 · 果子,-6.286089,11.076855,-9.554303
杂交种,Bh13,Bh13B18,#,8459,Bh13 · 果子,-3.680263,3.2296307,-9.16493
松子,Bh13,Bh13B03,=,8444,Bh13 · 果子,-10.839403,3.9223728,-3.406038
松果,Bh13,Bh13A18,#,8441,Bh13 · 果子,-11.337348,10.239558,-8.018569
松球,Bh13,Bh13A05,@,8428,Bh13 · 果子,-8.250146,4.257658,-3.7107525
果子,Bh13,Bh13A01,=,8424,Bh13 · 果子,-9.000428,11.234851,-11.151651
果干,Bh13,Bh13A14,@,8437,Bh13 · 果子,-10.795641,11.732921,-9.488111
果皮,Bh13,Bh13A09,=,8432,Bh13 · 果子,-12.062976,10.950869,-10.644932
果肉,Bh13,Bh13A12,=,8435,Bh13 · 果子,-10.357546,10.046994,-10.4442005
柳絮,Bh13,Bh13B14,#,8455,Bh13 · 果子,-8.699165,6.698723,-3.405924
核仁,Bh13,Bh13B15,#,8456,Bh13 · 果子,-8.90003,6.409485,-8.098084
核儿,Bh13,Bh13A10,=,8433,Bh13 · 果子,-8.572466,1.9847766,-7.1058855
核果,Bh13,Bh13A17,#,8440,Bh13 · 果子,-9.607305,10.714837,-10.047784
桃仁,Bh13,Bh13B15,#,8456,Bh13 · 果子,-8.674674,6.165422,-7.2710414
桐子,Bh13,Bh13B16,#,8457,Bh13 · 果子,-11.381996,4.144685,-3.8707402
桑果,Bh13,Bh13A03,=,8426,Bh13 · 果子,-11.545417,9.575899,-8.708583
桑葚,Bh13,Bh13A03,=,8426,Bh13 · 果子,-10.541855,7.975886,-6.164562
梅子,Bh13,Bh13A02,=,8425,Bh13 · 果子,-10.61449,3.7109416,-4.327137
棉籽,Bh13,Bh13B20,#,8461,Bh13 · 果子,-12.2277975,4.2020874,-10.477067
棉铃,Bh13,Bh13B14,#,8455,Bh13 · 果子,-8.664089,6.9549823,-4.1703863
椰胡,Bh13,Bh13A18,#,8441,Bh13 · 果子,-10.889187,7.877668,-5.354186
榆荚,Bh13,Bh13A18,#,8441,Bh13 · 果子,-10.587186,10.720313,-5.9582
榆钱,Bh13,Bh13B14,#,8455,Bh13 · 果子,-9.644509,9.795727,-5.2587514
槐角,Bh13,Bh13A16,@,8439,Bh13 · 果子,-9.121918,9.163415,-5.1542807
樟脑,Bh13,Bh13A18,#,8441,Bh13 · 果子,-10.689429,9.763339,-3.8926852
橡实,Bh13,Bh13A04,@,8427,Bh13 · 果子,-7.436611,10.077053,-6.802698
沙瓤,Bh13,Bh13A12,=,8435,Bh13 · 果子,-6.5389395,7.42717,-6.154342
油茶籽,Bh13,Bh13B20,#,8461,Bh13 · 果子,-13.452463,4.9899945,-9.384108
浆果,Bh13,Bh13A17,#,8440,Bh13 · 果子,-9.801831,9.955149,-9.124814
液果,Bh13,Bh13A17,#,8440,Bh13 · 果子,-8.327555,9.672284,-9.956047
火种,Bh13,Bh13B12,@,8453,Bh13 · 果子,-6.5315766,2.0997584,-11.236525
球果,Bh13,Bh13A17,#,8440,Bh13 · 果子,1.7028276,6.3612056,-6.6774087
瓜仁,Bh13,Bh13B15,#,8456,Bh13 · 果子,-10.087203,6.022678,-7.3145876
瓜子,Bh13,Bh13B16,#,8457,Bh13 · 果子,-11.93137,2.9860797,-6.4420176
瓤子,Bh13,Bh13A12,=,8435,Bh13 · 果子,-10.60144,2.4938548,-6.7094765
瘦果,Bh13,Bh13A17,#,8440,Bh13 · 果子,-8.439706,9.590601,-8.6382
白瓜子,Bh13,Bh13B16,#,8457,Bh13 · 果子,-13.047673,3.3722272,-6.9355
真果,Bh13,Bh13A17,#,8440,Bh13 · 果子,-5.0211525,9.220583,-10.658854
砻糠,Bh13,Bh13B13,#,8454,Bh13 · 果子,-11.0520115,3.048175,-13.079233
秋冬种,Bh13,Bh13B19,#,8460,Bh13 · 果子,-4.2416315,3.4810488,-10.661139
种仁,Bh13,Bh13B02,=,8443,Bh13 · 果子,-7.675121,6.6018577,-7.402308
稻种,Bh13,Bh13B17,#,8458,Bh13 · 果子,-6.845384,3.40689,-12.133833
稻糠,Bh13,Bh13B13,#,8454,Bh13 · 果子,-11.880198,3.0969381,-11.810084
籽儿,Bh13,Bh13B01,=,8442,Bh13 · 果子,-9.688902,2.2079835,-6.9431815
籽粒,Bh13,Bh13B01,=,8442,Bh13 · 果子,-9.652815,5.423161,-10.161135
糠秕,Bh13,Bh13B13,#,8454,Bh13 · 果子,-11.450134,3.1573303,-13.140729
红果,Bh13,Bh13A17,#,8440,Bh13 · 果子,-10.057497,9.332237,-7.848601
翅果,Bh13,Bh13A17,#,8440,Bh13 · 果子,-9.884337,9.453979,-11.491884
芡实,Bh13,Bh13B07,=,8448,Bh13 · 果子,-10.65096,12.444581,-7.4090505
芥子,Bh13,Bh13B16,#,8457,Bh13 · 果子,-10.946909,4.3686438,-6.9952993
花果,Bh13,Bh13A17,#,8440,Bh13 · 果子,-10.935111,8.618235,-10.738511
花生仁,Bh13,Bh13B04,=,8445,Bh13 · 果子,-10.917664,6.4380126,-7.693593
花生果,Bh13,Bh13A18,#,8441,Bh13 · 果子,-12.286792,7.727653,-8.594562
花生米,Bh13,Bh13B04,=,8445,Bh13 · 果子,-13.006787,6.5852194,-7.199539
花籽,Bh13,Bh13B20,#,8461,Bh13 · 果子,-11.02746,5.933428,-10.002155
草种,Bh13,Bh13B10,=,8451,Bh13 · 果子,-5.540238,3.731725,-9.918716
草籽,Bh13,Bh13B10,=,8451,Bh13 · 果子,-11.289489,5.7102637,-10.49657
荚果,Bh13,Bh13A17,#,8440,Bh13 · 果子,-11.487786,10.957314,-11.660253
荸荠,Bh13,Bh13A08,=,8431,Bh13 · 果子,-14.676748,3.8819351,-6.3027587
莲子,Bh13,Bh13B05,=,8446,Bh13 · 果子,-11.252471,4.469632,-5.561502
莲蓬子儿,Bh13,Bh13B05,=,8446,Bh13 · 果子,-9.5663395,1.881297,-4.4608073
菜子,Bh13,Bh13B06,=,8447,Bh13 · 果子,-11.226544,2.7116523,-4.7729516
菱角,Bh13,Bh13A06,=,8429,Bh13 · 果子,-8.224848,8.982379,-4.5749083
落果,Bh13,Bh13A17,#,8440,Bh13 · 果子,-7.2603483,9.586491,-10.81105
葵花仁,Bh13,Bh13B11,=,8452,Bh13 · 果子,-11.330536,6.154848,-7.8960476
葵花子,Bh13,Bh13B11,=,8452,Bh13 · 果子,-11.9682665,5.1129,-6.8399496
葵花籽,Bh13,Bh13B20,#,8461,Bh13 · 果子,-12.3320465,5.5470185,-8.727409
蒴果,Bh13,Bh13A17,#,8440,Bh13 · 果子,-9.545414,8.870222,-10.242327
蓖麻子,Bh13,Bh13B16,#,8457,Bh13 · 果子,-11.4817295,4.038655,-8.30122
蕾铃,Bh13,Bh13B14,#,8455,Bh13 · 果子,-7.142254,5.748621,-3.6691282
薏米,Bh13,Bh13B08,@,8449,Bh13 · 果子,-15.203042,4.01526,-6.29561
蚕种,Bh13,Bh13B17,#,8458,Bh13 · 果子,-5.8535614,3.2728584,-12.205608
西瓜籽,Bh13,Bh13B20,#,8461,Bh13 · 果子,-13.311218,4.469795,-8.552465
角果,Bh13,Bh13A17,#,8440,Bh13 · 果子,-7.6078095,8.871,-8.999356
谷种,Bh13,Bh13B17,#,8458,Bh13 · 果子,-5.7206006,3.912065,-11.035522
谷糠,Bh13,Bh13B13,#,8454,Bh13 · 果子,-10.918371,2.9565628,-12.068172
豆种,Bh13,Bh13B17,#,8458,Bh13 · 果子,-6.122953,3.3389742,-10.805157
野果,Bh13,Bh13A17,#,8440,Bh13 · 果子,-10.377715,8.759582,-9.238742
金桦果,Bh13,Bh13A18,#,8441,Bh13 · 果子,-11.276418,9.287856,-7.3026295
阿萨伊果,Bh13,Bh13A18,#,8441,Bh13 · 果子,-7.9477067,-0.6564524,-0.68928957
青梅,Bh13,Bh13A02,=,8425,Bh13 · 果子,-5.605792,3.9969363,-4.1007624
颖果,Bh13,Bh13A17,#,8440,Bh13 · 果子,-6.8176394,10.268359,-9.679096
马蹄,Bh13,Bh13A08,=,8431,Bh13 · 果子,-11.4434395,7.5945015,-4.663672
马钱子,Bh13,Bh13B16,#,8457,Bh13 · 果子,-9.536354,2.2037594,-4.322322
鸡头米,Bh13,Bh13B07,=,8448,Bh13 · 果子,-13.456113,6.6733503,-6.5042944
麦种,Bh13,Bh13B17,#,8458,Bh13 · 果子,-6.631666,3.7833292,-11.564951
麦糠,Bh13,Bh13B13,#,8454,Bh13 · 果子,-12.154984,2.6229255,-11.762727
一代,Ca03,Ca03A01,=,11666,Ca03 · 一代,-0.2175553,2.5585787,-5.0163803
上升期,Ca03,Ca03A03,#,11668,Ca03 · 一代,6.567953,1.9140122,-10.573877
中后期,Ca03,Ca03A15,#,11680,Ca03 · 一代,4.2849097,4.0802326,-9.043109
丰收期,Ca03,Ca03A11,#,11676,Ca03 · 一代,5.5905704,-1.8789295,-10.614405
主汛期,Ca03,Ca03A08,#,11673,Ca03 · 一代,5.2027617,-5.1608377,-8.623951
二期,Ca03,Ca03A20,#,11685,Ca03 · 一代,0.6732058,0.9643277,-6.1963882
交货期,Ca03,Ca03A05,#,11670,Ca03 · 一代,8.4847765,-0.41999227,-6.796119
产前,Ca03,Ca03A14,#,11679,Ca03 · 一代,-0.19879577,-1.8910093,-12.341116
产后,Ca03,Ca03A14,#,11679,Ca03 · 一代,-0.13122666,-1.8435512,-11.851997
产褥期,Ca03,Ca03A03,#,11668,Ca03 · 一代,1.0596988,-1.36041,-12.137221
任期,Ca03,Ca03A09,#,11674,Ca03 · 一代,6.4742675,-3.0547295,-4.393497
作息时间,Ca03,Ca03B08,#,11693,Ca03 · 一代,9.648834,-5.68304,-8.69377
保修期,Ca03,Ca03A12,#,11677,Ca03 · 一代,9.595065,-0.32577202,-5.1278462
保存期,Ca03,Ca03A12,#,11677,Ca03 · 一代,8.439166,0.6915108,-4.6359286
保质期,Ca03,Ca03A12,#,11677,Ca03 · 一代,9.0923395,0.021400983,-4.8901315
保险期,Ca03,Ca03A03,#,11668,Ca03 · 一代,10.44232,1.1071805,-6.55638
偿还期,Ca03,Ca03A05,#,11670,Ca03 · 一代,9.827934,1.0989555,-7.722365
兑付期,Ca03,Ca03A05,#,11670,Ca03 · 一代,9.214855,0.6342244,-7.496144
全年,Ca03,Ca03B05,#,11690,Ca03 · 一代,0.360407,4.436069,-8.249443
全年候,Ca03,Ca03B05,#,11690,Ca03 · 一代,0.39816013,4.1293206,-8.314183
冬闲,Ca03,Ca03A18,#,11683,Ca03 · 一代,-2.0458846,-5.511461,-5.9138727
冰冻期,Ca03,Ca03A08,#,11673,Ca03 · 一代,3.5198538,-3.0548239,-8.125337
冰川期,Ca03,Ca03A08,#,11673,Ca03 · 一代,2.6759388,-3.1597383,-8.6129675
冰期,Ca03,Ca03A08,#,11673,Ca03 · 一代,3.0665011,-3.6175106,-8.821002
分分秒秒,Ca03,Ca03B06,#,11691,Ca03 · 一代,-0.2656743,8.674722,4.336198
分娩期,Ca03,Ca03A06,#,11671,Ca03 · 一代,1.441661,-1.4571455,-12.586059
分钟时段,Ca03,Ca03C03,#,11698,Ca03 · 一代,3.2717724,3.312655,-6.675492
刑期,Ca03,Ca03A03,#,11668,Ca03 · 一代,7.6537933,-2.8562734,-4.761748
初二,Ca03,Ca03A19,#,11684,Ca03 · 一代,-3.9006567,8.663455,5.3473935
助残日,Ca03,Ca03A03,#,11668,Ca03 · 一代,-3.949844,-4.6577907,-2.3004558
勃长期,Ca03,Ca03A03,#,11668,Ca03 · 一代,3.9810197,0.50270796,-12.454235
十五日,Ca03,Ca03B05,#,11690,Ca03 · 一代,-3.619194,6.9593377,5.7362185
半年,Ca03,Ca03B05,#,11690,Ca03 · 一代,0.36418107,5.0376363,-7.7211885
发展期,Ca03,Ca03A04,#,11669,Ca03 · 一代,5.1594605,0.25611112,-9.595171
发情期,Ca03,Ca03A03,#,11668,Ca03 · 一代,3.8534358,-0.9418084,-13.143845
发育期,Ca03,Ca03A04,#,11669,Ca03 · 一代,3.347732,-0.8282296,-12.423706
后半期,Ca03,Ca03A15,#,11680,Ca03 · 一代,4.1449895,3.7801528,-8.5513315
后半段,Ca03,Ca03A15,#,11680,Ca03 · 一代,3.85501,4.168815,-7.7684307
后过渡期,Ca03,Ca03A07,#,11672,Ca03 · 一代,5.0380325,2.2018042,-8.41752
周期,Ca03,Ca03A03,#,11668,Ca03 · 一代,13.667395,7.1449537,-13.1805725
回收期,Ca03,Ca03A05,#,11670,Ca03 · 一代,7.94103,-0.2800231,-7.383299
地方时,Ca03,Ca03B09,#,11694,Ca03 · 一代,3.286644,0.87925756,-3.3056648
增长期,Ca03,Ca03A04,#,11669,Ca03 · 一代,6.0286646,1.0947452,-11.340841
多日,Ca03,Ca03B05,#,11690,Ca03 · 一代,-2.2211804,7.1593304,2.2083955
婴儿期,Ca03,Ca03A04,#,11669,Ca03 · 一代,2.019958,-0.45010838,-11.972259
孕期,Ca03,Ca03A06,#,11671,Ca03 · 一代,0.7189587,-0.36828554,-12.541434
学期,Ca03,Ca03A03,#,11668,Ca03 · 一代,8.024655,-6.3334093,-4.7669015
实习期,Ca03,Ca03A09,#,11674,Ca03 · 一代,4.8533726,-0.7088902,-5.469206
宽限期,Ca03,Ca03A13,#,11678,Ca03 · 一代,6.429651,1.3990842,-6.547831
岁时,Ca03,Ca03B01,=,11686,Ca03 · 一代,8.500542,8.806897,-10.303184
岁月,Ca03,Ca03B01,=,11686,Ca03 · 一代,-2.8517315,-1.7325958,10.807788
峥嵘岁月,Ca03,Ca03B07,#,11692,Ca03 · 一代,-3.3069801,-0.4439515,9.699694
工夫,Ca03,Ca03B01,=,11686,Ca03 · 一代,-3.9010534,6.8605385,-0.6795171
工时,Ca03,Ca03B10,#,11695,Ca03 · 一代,9.969802,-5.2801843,-7.5648136
年龄段,Ca03,Ca03C03,#,11698,Ca03 · 一代,7.964292,4.3282714,-12.219413
归期,Ca03,Ca03A05,#,11670,Ca03 · 一代,6.0263333,-1.636636,-7.626333
形成期,Ca03,Ca03A03,#,11668,Ca03 · 一代,3.9990554,-0.3752261,-9.126241
成熟期,Ca03,Ca03A04,#,11669,Ca03 · 一代,4.6829453,-1.2228099,-11.572706
成长期,Ca03,Ca03A04,#,11669,Ca03 · 一代,5.0377755,0.22431166,-10.939472
战时,Ca03,Ca03A17,@,11682,Ca03 · 一代,4.0482097,1.438546,-4.6704826
截止期,Ca03,Ca03A05,#,11670,Ca03 · 一代,6.684974,6.0165772,-4.491935
承包期,Ca03,Ca03A13,#,11678,Ca03 · 一代,8.775466,-1.516673,-7.83676
播种期,Ca03,Ca03A03,#,11668,Ca03 · 一代,5.834317,-2.8504963,-11.248669
施工期,Ca03,Ca03A13,#,11678,Ca03 · 一代,8.984326,-2.0741382,-8.085971
无霜期,Ca03,Ca03A03,#,11668,Ca03 · 一代,3.8505905,-4.140396,-7.4392343
日期,Ca03,Ca03B02,=,11687,Ca03 · 一代,9.298455,6.6229706,-9.889521
时日,Ca03,Ca03B01,=,11686,Ca03 · 一代,8.791618,8.302307,-10.344722
时期,Ca03,Ca03A01,=,11666,Ca03 · 一代,9.13484,6.606677,-9.898674
时间,Ca03,Ca03B01,=,11686,Ca03 · 一代,10.226536,6.6791677,-11.108054
更年期,Ca03,Ca03A03,#,11668,Ca03 · 一代,3.9377613,1.4609654,-11.730843
月子,Ca03,Ca03A06,#,11671,Ca03 · 一代,-7.501978,0.6827503,-7.0398707
有效期,Ca03,Ca03A03,#,11668,Ca03 · 一代,8.012196,-0.080301516,-4.6531944
本期,Ca03,Ca03A20,#,11685,Ca03 · 一代,0.6621573,0.3910076,-7.006428
汛期,Ca03,Ca03A03,#,11668,Ca03 · 一代,5.321304,-5.1949053,-8.745037
活动期,Ca03,Ca03A03,#,11668,Ca03 · 一代,4.3670554,1.8715107,-3.8777075
流光,Ca03,Ca03B01,=,11686,Ca03 · 一代,-4.917586,6.2913003,-3.0100276
渔汛,Ca03,Ca03A10,#,11675,Ca03 · 一代,4.214877,-6.645303,-6.9316726
潜伏期,Ca03,Ca03A03,#,11668,Ca03 · 一代,5.7034593,-0.2952554,-7.7077518
百日,Ca03,Ca03B05,#,11690,Ca03 · 一代,-2.417985,7.053629,2.492904
磨合期,Ca03,Ca03A07,#,11672,Ca03 · 一代,6.3965,0.011337096,-7.8726444
禁渔期,Ca03,Ca03A10,#,11675,Ca03 · 一代,4.2358613,-5.6163263,-7.1502466
租期,Ca03,Ca03A13,#,11678,Ca03 · 一代,7.062885,-3.3296604,-6.112862
考期,Ca03,Ca03A03,#,11668,Ca03 · 一代,9.105125,-5.485902,-5.0927577
聘期,Ca03,Ca03A09,#,11674,Ca03 · 一代,6.871333,-2.8059616,-5.0603313
船期,Ca03,Ca03A13,#,11678,Ca03 · 一代,6.864225,-3.962398,-6.7012277
花期,Ca03,Ca03A11,#,11676,Ca03 · 一代,4.9095087,-4.334784,-11.137997
苗期,Ca03,Ca03A11,#,11676,Ca03 · 一代,5.3087864,-4.053116,-10.953309
见习期,Ca03,Ca03A09,#,11674,Ca03 · 一代,4.62108,-0.60059357,-5.455208
试用期,Ca03,Ca03A03,#,11668,Ca03 · 一代,7.1275835,-0.77704674,-5.329583
课期,Ca03,Ca03A03,#,11668,Ca03 · 一代,8.52651,-5.8662677,-5.01865
调整期,Ca03,Ca03A07,#,11672,Ca03 · 一代,6.5961185,1.0567799,-8.515471
超阶段,Ca03,Ca03C02,@,11697,Ca03 · 一代,3.633972,2.1443484,-8.163678
蹉跎岁月,Ca03,Ca03B07,#,11692,Ca03 · 一代,-3.2405298,-0.6301673,9.847886
转型期,Ca03,Ca03A07,#,11672,Ca03 · 一代,5.5217347,0.60650986,-8.803489
过渡期,Ca03,Ca03A03,#,11668,Ca03 · 一代,5.278196,1.9161679,-8.218147
霜期,Ca03,Ca03A03,#,11668,Ca03 · 一代,4.0099807,-4.1138062,-8.623154
青春期,Ca03,Ca03A03,#,11668,Ca03 · 一代,2.2777638,0.26996627,-11.35644
预备期,Ca03,Ca03A09,#,11674,Ca03 · 一代,4.0658526,0.2573775,-6.045846
饭前,Ca03,Ca03A14,#,11679,Ca03 · 一代,-0.9538846,9.331736,-7.9984674
首期,Ca03,Ca03A03,#,11668,Ca03 · 一代,0.6428682,0.50725216,-6.806654
七一,Ca25,Ca25A06,@,11924,Ca25 · 节日,-3.2049048,8.035829,7.5738864
七夕,Ca25,Ca25A14,@,11932,Ca25 · 节日,-11.421538,-6.414386,-5.456072
三元,Ca25,Ca25A09,=,11927,Ca25 · 节日,-5.094675,6.9439836,3.6865206
三八节,Ca25,Ca25A03,=,11921,Ca25 · 节日,-10.235504,-5.094132,-3.452005
上元节,Ca25,Ca25A11,=,11929,Ca25 · 节日,-9.2989435,-5.88143,-4.415787
丧假,Ca25,Ca25B02,#,11939,Ca25 · 节日,-2.37717,-1.6486309,-10.00049
中元节,Ca25,Ca25A13,@,11931,Ca25 · 节日,-9.174734,-6.638724,-4.773818
中秋,Ca25,Ca25A15,=,11933,Ca25 · 节日,-9.373502,-5.2344503,-7.0207233
中秋节,Ca25,Ca25A15,=,11933,Ca25 · 节日,-9.401192,-7.6883426,-5.0085945
事假,Ca25,Ca25B02,#,11939,Ca25 · 节日,-2.282521,7.769528,0.59981215
五一节,Ca25,Ca25A04,=,11922,Ca25 · 节日,-10.823488,-6.3387117,-3.9055986
五月节,Ca25,Ca25A12,=,11930,Ca25 · 节日,-9.596752,-6.2426796,-2.4248996
产假,Ca25,Ca25B02,#,11939,Ca25 · 节日,-1.1733316,-2.2160246,-10.720572
休假,Ca25,Ca25B01,=,11938,Ca25 · 节日,-2.2568035,-3.7060382,-6.546781
佳节,Ca25,Ca25A02,=,11920,Ca25 · 节日,-7.876849,-6.8489685,-5.8438597
例假,Ca25,Ca25B02,#,11939,Ca25 · 节日,-1.2595936,-3.823344,-7.9282155
假日,Ca25,Ca25B01,=,11938,Ca25 · 节日,-2.719116,-3.8976398,-7.546791
儿童节,Ca25,Ca25A05,@,11923,Ca25 · 节日,-6.1260405,-7.4208,-1.4928552
元宵节,Ca25,Ca25A11,=,11929,Ca25 · 节日,-10.29969,-8.601828,-5.759431
元旦,Ca25,Ca25A09,=,11927,Ca25 · 节日,-10.668271,-7.488548,-6.977996
八一,Ca25,Ca25A07,=,11925,Ca25 · 节日,-3.2021859,8.042887,7.581016
八月节,Ca25,Ca25A15,=,11933,Ca25 · 节日,-9.456404,-5.9849277,-2.4263215
公休,Ca25,Ca25B02,#,11939,Ca25 · 节日,-2.6448164,-2.6129522,-6.1814847
公假,Ca25,Ca25B02,#,11939,Ca25 · 节日,-2.5993104,-2.7947497,-7.066839
冰雪节,Ca25,Ca25A18,#,11936,Ca25 · 节日,-6.1326647,-8.71605,0.64431196
劳动节,Ca25,Ca25A04,=,11922,Ca25 · 节日,-5.690288,-6.286985,-2.9141254
厂休,Ca25,Ca25B02,#,11939,Ca25 · 节日,-2.6287832,-3.8888633,-3.9248457
厂礼拜,Ca25,Ca25B02,#,11939,Ca25 · 节日,-6.1092186,-4.098052,-2.8541374
古尔邦节,Ca25,Ca25A18,#,11936,Ca25 · 节日,-7.3278527,-1.8342737,0.116954185
咖啡节,Ca25,Ca25A18,#,11936,Ca25 · 节日,-5.392873,-5.884306,1.6134242
啤酒节,Ca25,Ca25A18,#,11936,Ca25 · 节日,-5.9817796,-6.989954,1.1975772
团圆节,Ca25,Ca25A15,=,11933,Ca25 · 节日,-7.8702583,-7.2522626,-3.7939887
国庆,Ca25,Ca25A18,#,11936,Ca25 · 节日,-7.3671536,-4.8662405,-5.327815
国庆节,Ca25,Ca25A18,#,11936,Ca25 · 节日,-7.6765337,-5.7340493,-4.8873053
图书节,Ca25,Ca25A18,#,11936,Ca25 · 节日,-4.4546733,-6.200862,2.9314005
圣诞,Ca25,Ca25A19,#,11937,Ca25 · 节日,-6.948251,-9.232264,-5.8630347
圣诞节,Ca25,Ca25A19,#,11937,Ca25 · 节日,-7.2513695,-8.956205,-5.33654
圪节,Ca25,Ca25A18,#,11936,Ca25 · 节日,-8.678829,-3.808606,0.22946069
复活节,Ca25,Ca25A19,#,11937,Ca25 · 节日,-7.3619523,-10.068128,-4.1425
大年初一,Ca25,Ca25A09,=,11927,Ca25 · 节日,-10.17192,-9.510015,-7.8397574
妇女节,Ca25,Ca25A03,=,11921,Ca25 · 节日,-6.5998125,-6.508684,-0.96878344
婚假,Ca25,Ca25B02,#,11939,Ca25 · 节日,-1.7227825,-2.5701182,-10.032755
宋干节,Ca25,Ca25A18,#,11936,Ca25 · 节日,-7.547678,-2.198043,0.43795088
宰牲节,Ca25,Ca25A17,@,11935,Ca25 · 节日,-7.2879014,-4.6193943,-2.1974294
寒假,Ca25,Ca25B02,#,11939,Ca25 · 节日,-0.9579124,-6.8449836,-7.814278
寒暑假,Ca25,Ca25B02,#,11939,Ca25 · 节日,-0.8450389,-6.958611,-7.8620257
年假,Ca25,Ca25B02,#,11939,Ca25 · 节日,-2.8186147,-5.935833,-7.741571
年初一,Ca25,Ca25A09,=,11927,Ca25 · 节日,-10.019808,-9.220049,-8.022264
年夜,Ca25,Ca25A08,=,11926,Ca25 · 节日,-5.9363937,-7.1086583,-7.5000596
年节,Ca25,Ca25A10,=,11928,Ca25 · 节日,-6.203704,-7.253471,-6.7632265
廉政节,Ca25,Ca25A18,#,11936,Ca25 · 节日,-5.208008,-4.2300897,0.6829407
建军节,Ca25,Ca25A07,=,11925,Ca25 · 节日,-7.221084,-0.05605164,2.321116
开斋,Ca25,Ca25A19,#,11937,Ca25 · 节日,2.8795946,15.691,-4.678423
开斋节,Ca25,Ca25A19,#,11937,Ca25 · 节日,-8.313883,-10.5848255,-3.5291214
愚人节,Ca25,Ca25A19,#,11937,Ca25 · 节日,-8.539993,-9.6073,-3.362003
戏剧节,Ca25,Ca25A18,#,11936,Ca25 · 节日,-4.973678,-7.753425,3.7775183
教师节,Ca25,Ca25A18,#,11936,Ca25 · 节日,-5.601385,-5.7059283,-1.7793853
文化节,Ca25,Ca25A18,#,11936,Ca25 · 节日,-3.37458,-8.251409,2.1125524
斋日,Ca25,Ca25A19,#,11937,Ca25 · 节日,-7.047522,-10.392131,-2.452198
新春佳节,Ca25,Ca25A10,=,11928,Ca25 · 节日,-8.80706,-7.672248,-6.194137
旅游节,Ca25,Ca25A18,#,11936,Ca25 · 节日,-3.9878023,-7.86083,1.226138
春假,Ca25,Ca25B02,#,11939,Ca25 · 节日,-2.1838996,-5.3620644,-7.3541303
暑期,Ca25,Ca25B02,#,11939,Ca25 · 节日,0.0040502576,-6.303437,-7.946392
曲艺节,Ca25,Ca25A18,#,11936,Ca25 · 节日,-6.0948296,-8.012948,3.260497
服装节,Ca25,Ca25A18,#,11936,Ca25 · 节日,-5.0152783,-7.2170305,0.79757386
杂技节,Ca25,Ca25A18,#,11936,Ca25 · 节日,-6.7629533,-7.9172864,3.1562433
桃花节,Ca25,Ca25A18,#,11936,Ca25 · 节日,-8.504771,-6.5585284,-0.08977271
植树节,Ca25,Ca25A18,#,11936,Ca25 · 节日,-7.0232205,-5.732454,0.9899745
母亲节,Ca25,Ca25A18,#,11936,Ca25 · 节日,-7.300402,-6.4901385,-2.35858
民歌节,Ca25,Ca25A18,#,11936,Ca25 · 节日,-7.865759,-6.971841,1.5805577
洒红节,Ca25,Ca25A19,#,11937,Ca25 · 节日,-8.248672,-7.942343,-2.394024
海神节,Ca25,Ca25A18,#,11936,Ca25 · 节日,-6.479132,-4.2985187,-0.7959419
清明节,Ca25,Ca25A18,#,11936,Ca25 · 节日,-10.335158,-8.237368,-4.422777
灯节,Ca25,Ca25A11,=,11929,Ca25 · 节日,-8.636704,-8.426667,-1.1594096
狂欢夜,Ca25,Ca25A18,#,11936,Ca25 · 节日,-6.121422,-8.675225,-3.1869695
狂欢节,Ca25,Ca25A18,#,11936,Ca25 · 节日,-6.7508683,-8.349174,-3.283375
电影节,Ca25,Ca25A18,#,11936,Ca25 · 节日,-3.8675182,-7.7812347,3.6540046
电脑节,Ca25,Ca25A18,#,11936,Ca25 · 节日,-4.3211637,-6.235042,0.7483618
病休,Ca25,Ca25B02,#,11939,Ca25 · 节日,3.8389125,9.346964,-0.06524703
科技节,Ca25,Ca25A18,#,11936,Ca25 · 节日,-3.0896099,-6.2702894,1.5706475
端午,Ca25,Ca25A12,=,11930,Ca25 · 节日,-11.857285,-8.823028,-3.6506057
端午节,Ca25,Ca25A12,=,11930,Ca25 · 节日,-11.111558,-8.693052,-3.7995446
端阳,Ca25,Ca25A12,=,11930,Ca25 · 节日,-8.237864,1.7365454,3.5461268
纪念日,Ca25,Ca25A01,=,11919,Ca25 · 节日,-4.197957,-7.2871537,-4.05293
联欢节,Ca25,Ca25A18,#,11936,Ca25 · 节日,-7.0133553,-7.8083425,-2.986279
艺术节,Ca25,Ca25A18,#,11936,Ca25 · 节日,-4.8867664,-8.576254,2.6499984
节假日,Ca25,Ca25A01,=,11919,Ca25 · 节日,-3.5240839,-3.8448446,-7.7429495
节日,Ca25,Ca25A01,=,11919,Ca25 · 节日,-5.388062,-7.0332355,-4.0323267
苗节,Ca25,Ca25A19,#,11937,Ca25 · 节日,-8.067581,-5.31385,1.2102269
蜜月,Ca25,Ca25B02,#,11939,Ca25 · 节日,-2.1670024,-3.658548,-9.796925
读书节,Ca25,Ca25A18,#,11936,Ca25 · 节日,-4.9471717,-5.9998326,3.1206803
重阳,Ca25,Ca25A16,=,11934,Ca25 · 节日,-8.433231,2.403503,3.5658603
重阳节,Ca25,Ca25A16,=,11934,Ca25 · 节日,-9.390023,-7.493411,-3.8819904
除夕,Ca25,Ca25A08,=,11926,Ca25 · 节日,-11.310701,-8.336245,-7.5430946
除夕夜,Ca25,Ca25A08,=,11926,Ca25 · 节日,-11.009667,-8.88446,-7.0540137
霍利节,Ca25,Ca25A18,#,11936,Ca25 · 节日,-6.029103,-2.7168612,0.12752455
青年节,Ca25,Ca25A18,#,11936,Ca25 · 节日,-5.5483947,-7.250981,-0.9571547
音乐节,Ca25,Ca25A18,#,11936,Ca25 · 节日,-4.8109465,-7.864062,2.5114803
风筝节,Ca25,Ca25A18,#,11936,Ca25 · 节日,-7.6012297,-7.7408905,0.49284726
龙舟节,Ca25,Ca25A18,#,11936,Ca25 · 节日,-8.132297,-7.98778,0.26881304
七十二行,Di18,Di18B02,=,14630,Di18 · 事业,-4.5688887,5.97749,5.2819576
三教九流,Di18,Di18B02,=,14630,Di18 · 事业,-5.988004,4.7761884,5.965586
不动产业,Di18,Di18B10,#,14638,Di18 · 事业,18.173317,-9.814687,3.5438442
乡镇企业,Di18,Di18B07,@,14635,Di18 · 事业,11.156417,-13.167823,3.6934638
乳业,Di18,Di18B10,#,14638,Di18 · 事业,13.886459,-14.805303,1.8573151
交通业,Di18,Di18B10,#,14638,Di18 · 事业,17.144947,-11.686306,4.4115314
住宅业,Di18,Di18B10,#,14638,Di18 · 事业,18.002234,-10.161956,3.324843
信息业,Di18,Di18B10,#,14638,Di18 · 事业,15.412841,-11.069073,3.8914635
兔业,Di18,Di18B10,#,14638,Di18 · 事业,12.705813,-15.475547,0.6677318
公益,Di18,Di18A03,#,14628,Di18 · 事业,2.3322647,1.4861488,12.31327
养牛业,Di18,Di18B10,#,14638,Di18 · 事业,16.404984,-14.968221,1.2260884
养猪业,Di18,Di18B10,#,14638,Di18 · 事业,16.832067,-15.161208,1.2753332
农业,Di18,Di18B10,#,14638,Di18 · 事业,14.979252,-17.063196,1.1090721
农工商,Di18,Di18B02,=,14630,Di18 · 事业,11.693589,-15.846203,5.080954
农牧业,Di18,Di18B10,#,14638,Di18 · 事业,15.912635,-16.886726,0.81228864
出版业,Di18,Di18B10,#,14638,Di18 · 事业,16.459682,-9.850084,0.84547806
制药业,Di18,Di18B10,#,14638,Di18 · 事业,14.660668,-14.2046,3.7435603
制造业,Di18,Di18B10,#,14638,Di18 · 事业,15.87369,-13.880204,4.041786
副业,Di18,Di18B10,#,14638,Di18 · 事业,10.506412,-14.720954,2.2038352
加工业,Di18,Di18B10,#,14638,Di18 · 事业,14.570274,-14.51822,5.068475
千秋大业,Di18,Di18C05,@,14648,Di18 · 事业,-6.700045,0.103255436,2.2791193
印刷业,Di18,Di18B10,#,14638,Di18 · 事业,16.14023,-10.65936,1.4677721
各行,Di18,Di18B10,#,14638,Di18 · 事业,0.12549408,5.0106688,-5.1322274
同行业,Di18,Di18B01,=,14629,Di18 · 事业,11.624754,-11.961985,2.071227
咨询业,Di18,Di18B10,#,14638,Di18 · 事业,13.701224,-9.387149,1.8646501
商业,Di18,Di18B03,=,14631,Di18 · 事业,12.96841,-12.104037,0.1751746
土建,Di18,Di18B10,#,14638,Di18 · 事业,6.9999714,-16.17372,8.829175
土木,Di18,Di18C03,=,14646,Di18 · 事业,7.010851,-16.150517,8.835848
娱乐业,Di18,Di18B10,#,14638,Di18 · 事业,14.781376,-12.060075,0.6629202
婚介业,Di18,Di18B10,#,14638,Di18 · 事业,13.915047,-9.516511,1.0102262
宏业,Di18,Di18A02,=,14627,Di18 · 事业,10.169135,-13.862073,-0.032190353
家电业,Di18,Di18B10,#,14638,Di18 · 事业,14.51891,-12.716351,3.5782182
寿险,Di18,Di18B12,#,14640,Di18 · 事业,12.09945,2.2017345,-5.9708204
小买卖,Di18,Di18B03,=,14631,Di18 · 事业,17.273764,-12.103758,-1.2293376
小本生意,Di18,Di18B03,=,14631,Di18 · 事业,17.413057,-12.111441,-2.1523933
工业,Di18,Di18B10,#,14638,Di18 · 事业,13.082314,-15.880543,4.189838
工事,Di18,Di18C01,=,14644,Di18 · 事业,5.0083838,-13.383237,2.9729612
工副业,Di18,Di18B10,#,14638,Di18 · 事业,10.9137535,-14.530425,2.9750657
工程,Di18,Di18C01,=,14644,Di18 · 事业,5.1549907,-13.356658,3.4651556
广告业,Di18,Di18B10,#,14638,Di18 · 事业,14.670147,-10.74584,1.478266
开发业,Di18,Di18B10,#,14638,Di18 · 事业,18.146128,-11.309091,1.9905529
手工业,Di18,Di18B10,#,14638,Di18 · 事业,13.201553,-15.161912,4.874937
扫盲,Di18,Di18B10,#,14638,Di18 · 事业,2.3649619,2.2660975,12.745746
批发业,Di18,Di18B10,#,14638,Di18 · 事业,17.307987,-12.798367,0.6567143
报业,Di18,Di18B10,#,14638,Di18 · 事业,12.112839,-13.730082,0.033766307
拍卖业,Di18,Di18B10,#,14638,Di18 · 事业,15.742708,-10.005131,-0.2487522
排水,Di18,Di18B10,#,14638,Di18 · 事业,10.877925,-4.6784105,10.830525
文化教育,Di18,Di18A03,#,14628,Di18 · 事业,2.8127148,-9.686517,6.7869983
新业,Di18,Di18B10,#,14638,Di18 · 事业,9.355385,-14.640324,1.0174285
旅业,Di18,Di18B10,#,14638,Di18 · 事业,14.208084,-13.4778,1.2815833
服务业,Di18,Di18B10,#,14638,Di18 · 事业,16.21752,-13.052939,2.5745676
服装业,Di18,Di18B10,#,14638,Di18 · 事业,14.971561,-11.725407,2.2701917
林业,Di18,Di18B10,#,14638,Di18 · 事业,14.602959,-17.334158,2.5535107
林果业,Di18,Di18B10,#,14638,Di18 · 事业,16.148792,-17.454172,3.953497
核工程,Di18,Di18C06,#,14649,Di18 · 事业,5.261869,-12.951521,5.1776485
正业,Di18,Di18B01,=,14629,Di18 · 事业,9.3135395,-15.123978,1.3559469
民运,Di18,Di18B11,#,14639,Di18 · 事业,2.3481214,1.5740628,10.845074
水产业,Di18,Di18B10,#,14638,Di18 · 事业,16.865673,-15.668671,2.7860057
水利,Di18,Di18C02,=,14645,Di18 · 事业,9.727185,-5.1679087,11.220631
水险,Di18,Di18B12,#,14640,Di18 · 事业,1.1082555,4.1414995,9.781228
流通业,Di18,Di18B10,#,14638,Di18 · 事业,17.07105,-12.794508,2.7809186
渔业,Di18,Di18B10,#,14638,Di18 · 事业,16.32944,-17.321579,1.9488909
火险,Di18,Di18B12,#,14640,Di18 · 事业,1.1067923,4.133112,9.779305
煤业,Di18,Di18B10,#,14638,Di18 · 事业,14.861029,-16.36886,3.7766695
玩具业,Di18,Di18B10,#,14638,Di18 · 事业,13.842501,-11.099126,2.5308344
环保,Di18,Di18B10,#,14638,Di18 · 事业,2.3246334,0.17614771,13.175942
理发业,Di18,Di18B10,#,14638,Di18 · 事业,16.981464,-12.075775,1.3057964
电业,Di18,Di18B10,#,14638,Di18 · 事业,13.564145,-16.24272,2.7642057
电信业,Di18,Di18B10,#,14638,Di18 · 事业,15.518344,-11.703557,4.9449406
电脑业,Di18,Di18B10,#,14638,Di18 · 事业,13.863702,-12.194034,3.723576
畜牧业,Di18,Di18B10,#,14638,Di18 · 事业,15.915189,-16.203978,1.2304168
盐化工业,Di18,Di18B10,#,14638,Di18 · 事业,14.833548,-15.993488,5.7445855
社会保险,Di18,Di18B12,#,14640,Di18 · 事业,13.406521,1.5514956,-5.600851
种养业,Di18,Di18B10,#,14638,Di18 · 事业,17.774801,-14.679229,1.0090256
粮农,Di18,Di18B10,#,14638,Di18 · 事业,15.433564,-18.084055,0.2182971
纸业,Di18,Di18B10,#,14638,Di18 · 事业,14.462166,-15.532996,2.832067
经济圈,Di18,Di18B13,#,14641,Di18 · 事业,14.244238,-11.718744,7.242995
航海业,Di18,Di18B10,#,14638,Di18 · 事业,18.910332,-13.918553,4.851523
航运业,Di18,Di18B10,#,14638,Di18 · 事业,18.382011,-13.790236,4.2584257
药业,Di18,Di18B10,#,14638,Di18 · 事业,13.752262,-14.156573,2.9238064
行业,Di18,Di18B01,=,14629,Di18 · 事业,12.428634,-12.164393,0.8567315
计算机业,Di18,Di18B10,#,14638,Di18 · 事业,13.846337,-11.425802,4.36008
证券业,Di18,Di18B10,#,14638,Di18 · 事业,15.347287,-9.254836,3.0798855
赌业,Di18,Di18B10,#,14638,Di18 · 事业,14.038367,-13.253708,-0.3009607
轻工,Di18,Di18B10,#,14638,Di18 · 事业,13.216396,-15.921074,6.4095225
运输业,Di18,Di18B11,#,14639,Di18 · 事业,17.738792,-13.029233,3.8649611
通信业,Di18,Di18B10,#,14638,Di18 · 事业,16.144636,-11.658422,4.5175595
造林,Di18,Di18B10,#,14638,Di18 · 事业,6.451402,-13.708213,0.72508436
造纸业,Di18,Di18B10,#,14638,Di18 · 事业,15.655735,-15.385898,4.4440975
邮电,Di18,Di18B10,#,14638,Di18 · 事业,3.3497984,-1.9909819,-1.1205446
重工业,Di18,Di18B10,#,14638,Di18 · 事业,13.711551,-14.872641,5.796175
金融业,Di18,Di18B10,#,14638,Di18 · 事业,15.172968,-8.969064,4.233919
钢铁业,Di18,Di18B10,#,14638,Di18 · 事业,16.107107,-14.162418,5.7242956
银行业,Di18,Di18B10,#,14638,Di18 · 事业,15.896327,-9.204283,4.6686006
防洪工程,Di18,Di18C06,#,14649,Di18 · 事业,5.1605787,-14.095949,5.049647
非专业,Di18,Di18B10,#,14638,Di18 · 事业,9.751195,-6.5371437,4.6670437
非金融,Di18,Di18B05,@,14633,Di18 · 事业,14.569702,-7.763168,4.68051
鞋业,Di18,Di18B10,#,14638,Di18 · 事业,13.039086,-13.755295,1.1997465
餐饮业,Di18,Di18B10,#,14638,Di18 · 事业,15.588733,-12.598002,1.0964308
高新产业,Di18,Di18B10,#,14638,Di18 · 事业,12.739164,-12.716399,6.985978
专业课,Dk03,Dk03B16,#,15053,Dk03 · 科学,9.115203,-6.789371,4.1005526
主课,Dk03,Dk03B16,#,15053,Dk03 · 科学,8.622631,-5.165917,3.5781229
乡土文学,Dk03,Dk03A11,#,15036,Dk03 · 科学,2.4675393,-6.8939166,7.5437493
产科,Dk03,Dk03B17,#,15054,Dk03 · 科学,9.094812,-10.687496,9.987942
京剧学,Dk03,Dk03A10,#,15035,Dk03 · 科学,4.139324,-6.46154,6.24269
人学,Dk03,Dk03A10,#,15035,Dk03 · 科学,3.1041245,-6.887324,10.845347
人权学,Dk03,Dk03A10,#,15035,Dk03 · 科学,5.2322893,-6.4964037,10.219853
仿生学,Dk03,Dk03A10,#,15035,Dk03 · 科学,5.1872606,-3.804085,12.904528
体操课,Dk03,Dk03B08,=,15045,Dk03 · 科学,6.291822,-6.2639103,1.3283637
佛学,Dk03,Dk03A10,#,15035,Dk03 · 科学,1.5854125,-7.7273407,10.279034
作业题,Dk03,Dk03C09,#,15065,Dk03 · 科学,8.283196,-6.2140613,0.06366549
光学,Dk03,Dk03A10,#,15035,Dk03 · 科学,6.8972874,-5.644937,15.114714
党课,Dk03,Dk03B16,#,15053,Dk03 · 科学,7.009081,-4.5670905,2.6669025
公共课,Dk03,Dk03B16,#,15053,Dk03 · 科学,7.6027474,-5.877437,3.868374
关系学,Dk03,Dk03A10,#,15035,Dk03 · 科学,5.409365,-4.661173,10.847973
军事学,Dk03,Dk03A10,#,15035,Dk03 · 科学,6.3171067,-6.6542506,7.9395347
军事科学,Dk03,Dk03A10,#,15035,Dk03 · 科学,6.799745,-7.315309,7.8235445
农科,Dk03,Dk03B15,#,15052,Dk03 · 科学,8.077995,-10.650429,7.773605
剧艺学,Dk03,Dk03A10,#,15035,Dk03 · 科学,4.255559,-7.518085,6.4466677
力学,Dk03,Dk03A10,#,15035,Dk03 · 科学,7.35224,-5.047715,14.106067
动物学,Dk03,Dk03A10,#,15035,Dk03 · 科学,5.028409,-8.873351,13.258774
医学,Dk03,Dk03A07,=,15032,Dk03 · 科学,4.255082,-8.875363,10.062537
医学,Dk03,Dk03B09,=,15046,Dk03 · 科学,4.255082,-8.875363,10.062537
十字花科,Dk03,Dk03A10,#,15035,Dk03 · 科学,-13.565982,7.997309,-9.9376545
卫生学,Dk03,Dk03A10,#,15035,Dk03 · 科学,6.3286066,-8.494932,9.812739
品德课,Dk03,Dk03B16,#,15053,Dk03 · 科学,6.9860573,-6.6827703,2.2386234
团课,Dk03,Dk03B16,#,15053,Dk03 · 科学,6.5884295,-5.39399,2.072137
园艺学,Dk03,Dk03A10,#,15035,Dk03 · 科学,5.668066,-10.265885,9.1246195
地学,Dk03,Dk03A10,#,15035,Dk03 · 科学,3.230838,-6.648768,11.563095
地球化学,Dk03,Dk03A10,#,15035,Dk03 · 科学,4.4862285,-6.1341596,13.49198
地震学,Dk03,Dk03A10,#,15035,Dk03 · 科学,5.2271285,-5.907539,12.893348
声韵学,Dk03,Dk03A05,=,15030,Dk03 · 科学,3.2168553,-3.9081595,7.3099146
外交学,Dk03,Dk03A10,#,15035,Dk03 · 科学,5.188704,-6.522325,9.057054
外语课,Dk03,Dk03B05,=,15042,Dk03 · 科学,7.2323327,-6.081258,3.549264
家庭作业,Dk03,Dk03C04,=,15060,Dk03 · 科学,7.736605,-6.6834335,0.42255086
工科,Dk03,Dk03B15,#,15052,Dk03 · 科学,8.6592245,-10.012683,6.837467
工艺学,Dk03,Dk03A10,#,15035,Dk03 · 科学,5.1919966,-9.870088,8.386445
常识课,Dk03,Dk03B16,#,15053,Dk03 · 科学,8.163339,-6.224908,2.666108
年代学,Dk03,Dk03A10,#,15035,Dk03 · 科学,-1.5757835,-2.4770083,10.199091
战略学,Dk03,Dk03A10,#,15035,Dk03 · 科学,6.092084,-5.8879747,9.114088
数理,Dk03,Dk03B18,#,15055,Dk03 · 科学,9.024473,-7.328067,14.755671
文化学,Dk03,Dk03A11,#,15036,Dk03 · 科学,3.523423,-9.037013,7.3857446
文史,Dk03,Dk03B18,#,15055,Dk03 · 科学,1.1678692,-7.6312704,5.080741
文科,Dk03,Dk03B15,#,15052,Dk03 · 科学,8.975463,-9.194359,6.2008457
文艺学,Dk03,Dk03A10,#,15035,Dk03 · 科学,3.7981422,-8.237002,7.013496
新闻学,Dk03,Dk03A10,#,15035,Dk03 · 科学,5.0174317,-7.1077075,8.241154
校勘学,Dk03,Dk03A10,#,15035,Dk03 · 科学,6.4789987,-0.73884934,6.6938834
植物学,Dk03,Dk03A10,#,15035,Dk03 · 科学,5.024135,-9.779475,13.085966
欣赏课,Dk03,Dk03B16,#,15053,Dk03 · 科学,5.9140825,-6.1450815,3.1134236
民俗学,Dk03,Dk03A10,#,15035,Dk03 · 科学,3.6339524,-6.360796,8.046037
水利学,Dk03,Dk03A10,#,15035,Dk03 · 科学,9.028767,-5.335442,11.4931965
水力学,Dk03,Dk03A10,#,15035,Dk03 · 科学,7.859333,-4.9608293,12.741544
水文学,Dk03,Dk03A10,#,15035,Dk03 · 科学,7.3974805,-5.891411,12.133773
治疗学,Dk03,Dk03A10,#,15035,Dk03 · 科学,7.118138,-7.2203326,10.085967
海洋学,Dk03,Dk03A10,#,15035,Dk03 · 科学,5.61728,-6.651927,12.033933
物理学,Dk03,Dk03A10,#,15035,Dk03 · 科学,6.4038587,-6.2617116,14.254193
现象学,Dk03,Dk03A10,#,15035,Dk03 · 科学,5.1492457,-4.3854814,11.851043
理化,Dk03,Dk03B04,=,15041,Dk03 · 科学,9.287488,-7.5067234,14.820773
理科,Dk03,Dk03B15,#,15052,Dk03 · 科学,9.095801,-8.962404,6.049952
生态学,Dk03,Dk03A10,#,15035,Dk03 · 科学,4.074965,-8.183207,13.550751
生物学,Dk03,Dk03A10,#,15035,Dk03 · 科学,5.5551724,-8.561569,12.830999
生理学,Dk03,Dk03A10,#,15035,Dk03 · 科学,6.6135526,-8.730947,12.035108
电子光学,Dk03,Dk03A10,#,15035,Dk03 · 科学,5.757984,-5.180745,15.88272
电子学,Dk03,Dk03A10,#,15035,Dk03 · 科学,5.6332893,-5.9082594,15.817442
白卷,Dk03,Dk03C10,#,15066,Dk03 · 科学,-0.32549545,0.94290173,-0.5055915
皮肤科,Dk03,Dk03B17,#,15054,Dk03 · 科学,7.9305506,-9.510471,9.826292
社科,Dk03,Dk03B15,#,15052,Dk03 · 科学,9.288643,-10.713132,8.240008
神学,Dk03,Dk03A10,#,15035,Dk03 · 科学,2.615274,-8.057275,10.364694
神经科,Dk03,Dk03B17,#,15054,Dk03 · 科学,8.021099,-9.510142,10.440449
科学学,Dk03,Dk03A10,#,15035,Dk03 · 科学,4.75957,-7.9529862,10.908965
科技,Dk03,Dk03A12,#,15037,Dk03 · 科学,11.023482,-11.892108,7.817241
空间科学,Dk03,Dk03A10,#,15035,Dk03 · 科学,3.8594165,-5.069764,14.01799
立体几何,Dk03,Dk03B18,#,15055,Dk03 · 科学,5.8076835,-2.8246155,13.789098
答案,Dk03,Dk03C10,#,15066,Dk03 · 科学,8.683479,-1.7643073,-0.56801116
算学,Dk03,Dk03A10,#,15035,Dk03 · 科学,2.8518746,-4.875619,10.926709
算术课,Dk03,Dk03B03,=,15040,Dk03 · 科学,6.0485163,-7.4913993,2.2898457
管理科学,Dk03,Dk03A10,#,15035,Dk03 · 科学,6.5674696,-8.297777,8.712105
练习题,Dk03,Dk03C02,=,15058,Dk03 · 科学,9.411202,-5.1088486,-0.07078719
细胞学,Dk03,Dk03A10,#,15035,Dk03 · 科学,6.5854297,-8.333314,13.501656
结构力学,Dk03,Dk03A10,#,15035,Dk03 · 科学,7.031521,-4.001582,13.465572
统筹学,Dk03,Dk03A10,#,15035,Dk03 · 科学,6.332564,-4.661754,10.190026
美学,Dk03,Dk03A10,#,15035,Dk03 · 科学,3.403836,-6.827557,9.968572
考题,Dk03,Dk03C06,=,15062,Dk03 · 科学,8.64921,-4.6434236,-0.46636108
自然课,Dk03,Dk03B16,#,15053,Dk03 · 科学,1.9823241,-3.1763687,13.404166
药剂学,Dk03,Dk03A10,#,15035,Dk03 · 科学,5.6285086,-9.866841,10.681894
药理学,Dk03,Dk03A10,#,15035,Dk03 · 科学,5.657483,-9.217563,11.03364
试卷,Dk03,Dk03C08,=,15064,Dk03 · 科学,8.200736,-4.1725793,-0.8993836
语义学,Dk03,Dk03A10,#,15035,Dk03 · 科学,4.139762,-4.0858235,8.878577
语法学,Dk03,Dk03A06,=,15031,Dk03 · 科学,4.4678817,-4.751997,9.209273
语源学,Dk03,Dk03A10,#,15035,Dk03 · 科学,5.039092,-3.8598719,9.434505
跨学科,Dk03,Dk03A10,#,15035,Dk03 · 科学,9.167377,-7.891884,5.257885
辩学,Dk03,Dk03A10,#,15035,Dk03 · 科学,2.6127052,-4.8265605,10.000242
选修课,Dk03,Dk03B16,#,15053,Dk03 · 科学,9.046452,-6.2798986,2.9287655
选择题,Dk03,Dk03C09,#,15065,Dk03 · 科学,10.061352,-5.1388245,0.1172995
逻辑学,Dk03,Dk03A04,=,15029,Dk03 · 科学,4.327388,-4.567476,10.491205
遗传工程,Dk03,Dk03B18,#,15055,Dk03 · 科学,5.2755027,-12.395209,5.8646846
量子力学,Dk03,Dk03A10,#,15035,Dk03 · 科学,5.946204,-4.0129375,15.794864
音韵学,Dk03,Dk03A05,=,15030,Dk03 · 科学,3.2478168,-3.949438,7.3109865
高科技,Dk03,Dk03A12,#,15037,Dk03 · 科学,11.570464,-12.1929455,7.5853124
高能物理,Dk03,Dk03B18,#,15055,Dk03 · 科学,4.7556334,-4.560533,14.940906
专文,Dk19,Dk19B35,#,15506,Dk19 · 著述,3.6911669,-1.0393801,0.9517468
专稿,Dk19,Dk19C07,#,15514,Dk19 · 著述,6.913435,2.2823255,4.124055
二十五史,Dk19,Dk19A15,#,15468,Dk19 · 著述,-3.9435513,4.98618,4.956676
五经,Dk19,Dk19A15,#,15468,Dk19 · 著述,-6.480946,6.9553576,3.7617838
作品选,Dk19,Dk19A16,#,15469,Dk19 · 著述,-0.7383893,2.6118634,1.432889
例文,Dk19,Dk19B28,#,15499,Dk19 · 著述,4.022151,-1.8821315,3.1371927
修改稿,Dk19,Dk19C07,#,15514,Dk19 · 著述,9.418161,2.3746283,3.4928842
出世作,Dk19,Dk19A04,=,15457,Dk19 · 著述,0.45059556,6.0625997,0.40076336
制艺,Dk19,Dk19B04,=,15475,Dk19 · 著述,8.480974,-11.536873,3.0405104
力作,Dk19,Dk19A03,=,15456,Dk19 · 著述,3.3967037,4.7101617,-2.522701
单篇,Dk19,Dk19B36,#,15507,Dk19 · 著述,-0.16563487,3.0282378,-4.114377
压卷之作,Dk19,Dk19A03,=,15456,Dk19 · 著述,-2.46379,2.0093863,0.48854214
原稿,Dk19,Dk19C03,=,15510,Dk19 · 著述,6.49601,3.5514421,2.5288336
原著,Dk19,Dk19A13,#,15466,Dk19 · 著述,1.4580129,4.153487,-1.3675833
双城记,Dk19,Dk19A15,#,15468,Dk19 · 著述,-5.3679504,-1.6739125,0.8066404
发言稿,Dk19,Dk19C07,#,15514,Dk19 · 著述,8.407506,1.2950583,3.0519843
叙事文,Dk19,Dk19B14,=,15485,Dk19 · 著述,1.5134102,-1.3233849,3.228251
史志,Dk19,Dk19A14,#,15467,Dk19 · 著述,-2.4114058,0.52193385,6.153296
史记,Dk19,Dk19A15,#,15468,Dk19 · 著述,-3.0820627,0.6511278,5.817192
名篇,Dk19,Dk19A03,=,15456,Dk19 · 著述,-0.49492285,-0.36953795,3.3561237
哀辞,Dk19,Dk19B06,=,15477,Dk19 · 著述,-0.2388127,2.601762,5.3173575
四六文,Dk19,Dk19B16,=,15487,Dk19 · 著述,-4.100241,5.9023614,3.8802624
墓志铭,Dk19,Dk19B09,=,15480,Dk19 · 著述,0.6366244,0.33413702,6.676982
大笔,Dk19,Dk19A03,=,15456,Dk19 · 著述,-2.2476377,4.06045,-0.89689773
天方夜谭,Dk19,Dk19A15,#,15468,Dk19 · 著述,-4.781155,-0.6518479,1.9106342
奇文,Dk19,Dk19B35,#,15506,Dk19 · 著述,-0.03220825,-1.4372214,1.0595462
姊妹篇,Dk19,Dk19B33,#,15504,Dk19 · 著述,-2.1257691,3.4211214,-4.1206846
实用文,Dk19,Dk19B13,=,15484,Dk19 · 著述,4.997953,1.4126707,-1.9327644
巨制,Dk19,Dk19A02,=,15455,Dk19 · 著述,-1.3447901,3.051238,-0.1312246
巨著,Dk19,Dk19A02,=,15455,Dk19 · 著述,-0.69862956,3.496907,-0.90178764
序论,Dk19,Dk19B21,@,15492,Dk19 · 著述,5.492043,-1.5197756,8.326306
底稿,Dk19,Dk19C04,=,15511,Dk19 · 著述,7.4953485,3.6006663,3.1923344
异文,Dk19,Dk19B28,#,15499,Dk19 · 著述,0.68242306,-2.1195962,3.0924766
急就章,Dk19,Dk19A06,=,15459,Dk19 · 著述,-0.5357645,8.771979,0.5643174
悼词,Dk19,Dk19B06,=,15477,Dk19 · 著述,1.0707078,2.2712028,5.2550592
成文,Dk19,Dk19B01,=,15472,Dk19 · 著述,1.3519487,-3.2669766,1.4949049
手笔,Dk19,Dk19A08,=,15461,Dk19 · 著述,-0.16962756,0.7279601,1.3992037
打印稿,Dk19,Dk19C07,#,15514,Dk19 · 著述,6.620055,1.4486302,2.176481
批文,Dk19,Dk19B28,#,15499,Dk19 · 著述,4.711777,-0.48356497,2.4154072
拙稿,Dk19,Dk19A05,=,15458,Dk19 · 著述,6.1611567,3.433292,4.196474
拙笔,Dk19,Dk19A05,=,15458,Dk19 · 著述,-1.518911,0.60133725,0.43810225
挽词,Dk19,Dk19B06,=,15477,Dk19 · 著述,1.1765519,2.3153968,4.833942
文言,Dk19,Dk19B11,=,15482,Dk19 · 著述,1.6774365,-4.045417,3.5357168
文言文,Dk19,Dk19B11,=,15482,Dk19 · 著述,1.791107,-4.2937207,3.0064363
旧作,Dk19,Dk19A14,#,15467,Dk19 · 著述,2.6388686,4.078909,-1.650804
未定稿,Dk19,Dk19C03,=,15510,Dk19 · 著述,8.720274,2.0508637,2.0932453
本草,Dk19,Dk19A11,@,15464,Dk19 · 著述,8.8847,1.9693578,9.931453
本草纲目,Dk19,Dk19A15,#,15468,Dk19 · 著述,8.869175,1.9409702,9.923864
札记,Dk19,Dk19B05,=,15476,Dk19 · 著述,2.1132894,1.7178615,1.4343212
来文,Dk19,Dk19B28,#,15499,Dk19 · 著述,4.2491355,-0.117574245,1.7700167
样稿,Dk19,Dk19C07,#,15514,Dk19 · 著述,7.782379,3.0943782,2.0264194
楚辞,Dk19,Dk19A15,#,15468,Dk19 · 著述,-1.5562261,1.9809235,5.01795
歌赋,Dk19,Dk19A18,#,15471,Dk19 · 著述,-1.2346612,1.835959,3.0564356
正传,Dk19,Dk19B19,@,15490,Dk19 · 著述,1.9818282,4.2756753,0.19732773
残稿,Dk19,Dk19C07,#,15514,Dk19 · 著述,5.71611,3.8150098,3.5175464
汉书,Dk19,Dk19A15,#,15468,Dk19 · 著述,-3.6838682,0.76644534,5.6277747
片纸只字,Dk19,Dk19A09,=,15462,Dk19 · 著述,-3.3933485,0.4691803,0.3460257
电文,Dk19,Dk19B28,#,15499,Dk19 · 著述,3.0904233,-1.9481771,0.037392054
画卷,Dk19,Dk19A12,@,15465,Dk19 · 著述,-0.04520919,1.5777068,0.7194467
真迹,Dk19,Dk19A08,=,15461,Dk19 · 著述,2.18803,5.120618,1.0401601
短文,Dk19,Dk19B28,#,15499,Dk19 · 著述,2.931094,-2.6986675,2.0052114
碑文,Dk19,Dk19B07,=,15478,Dk19 · 著述,1.2121022,-0.4160015,5.9298325
碑记,Dk19,Dk19B07,=,15478,Dk19 · 著述,0.85450065,0.18258321,6.088268
社论,Dk19,Dk19B02,=,15473,Dk19 · 著述,3.5755134,1.5934753,0.66128427
祷文,Dk19,Dk19B06,=,15477,Dk19 · 著述,2.6335976,-0.6086207,4.7721286
稿件,Dk19,Dk19C01,=,15508,Dk19 · 著述,7.9240236,3.007826,4.074438
稿本,Dk19,Dk19C04,=,15511,Dk19 · 著述,6.8159933,2.8157496,2.9523501
笔札,Dk19,Dk19B01,=,15472,Dk19 · 著述,0.5905744,0.88778317,1.750127
篇什,Dk19,Dk19B33,#,15504,Dk19 · 著述,-1.6447285,9.284131,1.1210456
红楼梦,Dk19,Dk19A15,#,15468,Dk19 · 著述,-4.2695246,0.23798193,3.4898272
纪实,Dk19,Dk19B18,@,15489,Dk19 · 著述,2.979866,1.8811367,0.23809254
绝响,Dk19,Dk19A03,=,15456,Dk19 · 著述,-2.1171403,-0.7882645,-0.9930519
绝笔,Dk19,Dk19A07,=,15460,Dk19 · 著述,-1.9801595,-0.5603241,-0.64198476
艺文,Dk19,Dk19B20,@,15491,Dk19 · 著述,2.0153437,-8.64221,5.7164693
补白,Dk19,Dk19B30,#,15501,Dk19 · 著述,-6.035274,7.379903,-5.9949503
讨论稿,Dk19,Dk19C07,#,15514,Dk19 · 著述,8.604582,1.0906185,3.4436045
论丛,Dk19,Dk19A17,#,15470,Dk19 · 著述,5.8182216,-0.63785833,7.3123684
论说文,Dk19,Dk19B15,=,15486,Dk19 · 著述,0.62159485,-2.2569895,3.8316574
译丛,Dk19,Dk19A17,#,15470,Dk19 · 著述,5.52165,0.99005145,6.1674237
译文,Dk19,Dk19B28,#,15499,Dk19 · 著述,4.934565,0.15654096,3.5602746
译稿,Dk19,Dk19C07,#,15514,Dk19 · 著述,5.679287,1.278782,4.611245
译著,Dk19,Dk19A13,#,15466,Dk19 · 著述,5.273388,1.4065794,5.9822936
诗词选,Dk19,Dk19A16,#,15469,Dk19 · 著述,-0.8996148,2.2763252,2.2876215
话说,Dk19,Dk19B22,@,15493,Dk19 · 著述,4.051542,2.9674172,-3.1572778
语体文,Dk19,Dk19B12,=,15483,Dk19 · 著述,2.6103678,-3.2352242,2.9477916
说明文,Dk19,Dk19B15,=,15486,Dk19 · 著述,6.086002,-0.8809914,2.4303763
课文,Dk19,Dk19B29,#,15500,Dk19 · 著述,4.7694807,-3.0008905,3.501821
辞章,Dk19,Dk19B26,=,15497,Dk19 · 著述,2.7819765,1.4747756,4.066839
遗墨,Dk19,Dk19A07,=,15460,Dk19 · 著述,-0.8798424,-0.50605726,0.48503795
遗稿,Dk19,Dk19A07,=,15460,Dk19 · 著述,4.634402,3.6527557,3.978545
遗著,Dk19,Dk19A07,=,15460,Dk19 · 著述,3.7395937,3.7151287,4.1659336
邓选,Dk19,Dk19A15,#,15468,Dk19 · 著述,-10.690664,0.4499341,0.557444
释文,Dk19,Dk19B28,#,15499,Dk19 · 著述,4.6738324,-0.62991637,3.5828915
长卷,Dk19,Dk19B36,#,15507,Dk19 · 著述,0.13957533,2.631238,-1.3857644
长篇,Dk19,Dk19B36,#,15507,Dk19 · 著述,0.23408934,3.2536438,-2.4901845
长编,Dk19,Dk19C03,=,15510,Dk19 · 著述,0.5274616,3.1265836,-1.6353346
雄文,Dk19,Dk19A03,=,15456,Dk19 · 著述,2.2300432,-2.513215,0.6145521
韵文,Dk19,Dk19B28,#,15499,Dk19 · 著述,2.1940348,-3.250274,4.0348115
鸣谢碑,Dk19,Dk19B34,#,15505,Dk19 · 著述,1.3479043,1.8849015,6.164502
鸿篇,Dk19,Dk19B33,#,15504,Dk19 · 著述,-1.2874769,-0.4412117,3.228249
上座率,Dn07,Dn07A03,#,16415,Dn07 · 比率,14.272487,-3.0385375,-13.318502
上涨率,Dn07,Dn07A03,#,16415,Dn07 · 比率,8.060128,1.4890245,-11.90389
中标率,Dn07,Dn07A03,#,16415,Dn07 · 比率,11.638045,-2.8941681,-12.348071
产出率,Dn07,Dn07A03,#,16415,Dn07 · 比率,12.882264,0.9398524,-12.406211
产量比,Dn07,Dn07B04,#,16419,Dn07 · 比率,12.873277,1.416297,-12.801405
优秀率,Dn07,Dn07A03,#,16415,Dn07 · 比率,12.278469,-3.3306963,-15.213495
优良率,Dn07,Dn07A03,#,16415,Dn07 · 比率,12.940006,-3.7794237,-14.69706
传动比,Dn07,Dn07B04,#,16419,Dn07 · 比率,12.8541765,2.2345054,-14.875448
使用率,Dn07,Dn07A03,#,16415,Dn07 · 比率,14.193594,-1.6880653,-12.811403
保险费率,Dn07,Dn07A03,#,16415,Dn07 · 比率,13.812388,1.5551326,-6.7013445
债务率,Dn07,Dn07A03,#,16415,Dn07 · 比率,15.57083,1.6661632,-8.104279
储备率,Dn07,Dn07A03,#,16415,Dn07 · 比率,14.7,0.923816,-9.206075
兑换率,Dn07,Dn07A03,#,16415,Dn07 · 比率,15.350436,2.7065065,-10.612398
入学率,Dn07,Dn07A03,#,16415,Dn07 · 比率,16.736158,-3.8538969,-11.744996
再就业率,Dn07,Dn07A03,#,16415,Dn07 · 比率,17.193207,-2.3545012,-10.561943
准备金率,Dn07,Dn07A03,#,16415,Dn07 · 比率,14.892114,0.5172271,-7.4152384
准确率,Dn07,Dn07A03,#,16415,Dn07 · 比率,13.076095,-1.7702291,-15.184685
出勤率,Dn07,Dn07A03,#,16415,Dn07 · 比率,14.163357,-3.2661567,-11.59622
出生率,Dn07,Dn07A03,#,16415,Dn07 · 比率,8.672575,0.43849835,-15.738408
出警率,Dn07,Dn07A03,#,16415,Dn07 · 比率,12.572581,-2.661414,-10.080562
利率,Dn07,Dn07A03,#,16415,Dn07 · 比率,14.294096,4.3069215,-9.386268
占有率,Dn07,Dn07A03,#,16415,Dn07 · 比率,12.235306,-0.30184215,-13.825672
发射率,Dn07,Dn07A03,#,16415,Dn07 · 比率,15.370348,-2.8338897,-15.163797
发案率,Dn07,Dn07A03,#,16415,Dn07 · 比率,11.911247,-2.315612,-11.088181
发生率,Dn07,Dn07A03,#,16415,Dn07 · 比率,9.636618,-0.9595642,-13.887005
发芽势,Dn07,Dn07A03,#,16415,Dn07 · 比率,5.9272275,-2.1072326,-12.731875
发芽率,Dn07,Dn07A03,#,16415,Dn07 · 比率,6.813308,-2.104813,-13.409582
合格率,Dn07,Dn07A03,#,16415,Dn07 · 比率,11.706107,-2.6109498,-13.820986
周率,Dn07,Dn07A03,#,16415,Dn07 · 比率,13.634917,5.726512,-13.38716
周转率,Dn07,Dn07A03,#,16415,Dn07 · 比率,14.288753,0.67962635,-13.795501
命中率,Dn07,Dn07A03,#,16415,Dn07 · 比率,12.576888,-1.6789186,-16.107925
固定汇率,Dn07,Dn07A03,#,16415,Dn07 · 比率,17.380974,3.1923559,-10.251314
增长点,Dn07,Dn07B04,#,16419,Dn07 · 比率,6.787959,1.2006683,-11.810413
复利率,Dn07,Dn07A03,#,16415,Dn07 · 比率,14.599763,3.2245772,-7.4942474
存活率,Dn07,Dn07A03,#,16415,Dn07 · 比率,9.458351,-1.8013183,-15.03739
就业率,Dn07,Dn07A03,#,16415,Dn07 · 比率,17.12293,-2.7157855,-10.93798
巩固率,Dn07,Dn07A03,#,16415,Dn07 · 比率,11.161441,0.8425932,-14.0166235
差价率,Dn07,Dn07A03,#,16415,Dn07 · 比率,15.564131,1.1263447,-10.656492
带勤率,Dn07,Dn07A03,#,16415,Dn07 · 比率,14.090405,-2.8383787,-10.857929
应用率,Dn07,Dn07A03,#,16415,Dn07 · 比率,13.593881,-0.8555637,-13.156174
开工率,Dn07,Dn07A03,#,16415,Dn07 · 比率,12.019265,-3.9130425,-11.14308
感染率,Dn07,Dn07A03,#,16415,Dn07 · 比率,8.970024,-1.5152061,-14.255513
成功率,Dn07,Dn07A03,#,16415,Dn07 · 比率,12.171667,-0.6590967,-15.730452
所得税率,Dn07,Dn07A03,#,16415,Dn07 · 比率,15.9387455,0.43658325,-8.464411
扁率,Dn07,Dn07A03,#,16415,Dn07 · 比率,15.231547,3.6486266,-13.689037
扣除率,Dn07,Dn07A03,#,16415,Dn07 · 比率,14.76766,1.1329591,-11.068579
批销费率,Dn07,Dn07A03,#,16415,Dn07 · 比率,15.759936,-0.6945709,-9.676044
投资率,Dn07,Dn07A03,#,16415,Dn07 · 比率,13.359758,1.6913332,-9.196518
报酬率,Dn07,Dn07A03,#,16415,Dn07 · 比率,13.532262,3.131368,-9.000771
接通率,Dn07,Dn07A03,#,16415,Dn07 · 比率,15.021962,-2.6745229,-15.07317
收益率,Dn07,Dn07A03,#,16415,Dn07 · 比率,14.276321,3.5076072,-8.417046
收缴率,Dn07,Dn07A03,#,16415,Dn07 · 比率,13.899833,0.094139405,-9.843485
收视率,Dn07,Dn07A03,#,16415,Dn07 · 比率,16.687971,-2.1985095,-14.459058
收贷率,Dn07,Dn07A03,#,16415,Dn07 · 比率,15.403505,2.5838802,-7.643017
斜率,Dn07,Dn07A03,#,16415,Dn07 · 比率,13.801448,4.7980747,-14.588487
有效率,Dn07,Dn07A03,#,16415,Dn07 · 比率,13.525309,-0.30774522,-14.375126
查准率,Dn07,Dn07A03,#,16415,Dn07 · 比率,14.551272,-1.2111021,-10.599139
概率,Dn07,Dn07A02,=,16414,Dn07 · 比率,13.384925,5.06354,-12.912709
比例,Dn07,Dn07B01,=,16416,Dn07 · 比率,11.381983,4.7700996,-13.206763
比重,Dn07,Dn07C01,=,16420,Dn07 · 比率,12.703826,4.5927105,-14.183139
毛利率,Dn07,Dn07A03,#,16415,Dn07 · 比率,16.025085,0.699239,-13.155207
汇率,Dn07,Dn07A03,#,16415,Dn07 · 比率,14.519874,4.071758,-10.450197
波特率,Dn07,Dn07A03,#,16415,Dn07 · 比率,14.812391,3.272659,-13.645135
浮动汇率,Dn07,Dn07A03,#,16415,Dn07 · 比率,17.320847,3.1078682,-10.18699
淘汰率,Dn07,Dn07A03,#,16415,Dn07 · 比率,11.501753,-3.6198423,-15.94219
满意率,Dn07,Dn07A03,#,16415,Dn07 · 比率,11.703475,-2.0589805,-14.782233
焦比,Dn07,Dn07B04,#,16419,Dn07 · 比率,13.728278,3.9614565,-15.860245
犯罪率,Dn07,Dn07A03,#,16415,Dn07 · 比率,11.479764,-0.8822404,-12.50602
生育率,Dn07,Dn07A03,#,16415,Dn07 · 比率,8.630617,0.5825631,-15.917704
生长率,Dn07,Dn07A03,#,16415,Dn07 · 比率,7.351781,-1.7496269,-13.905965
用率,Dn07,Dn07A03,#,16415,Dn07 · 比率,14.298657,-0.64941925,-11.708081
申报率,Dn07,Dn07A03,#,16415,Dn07 · 比率,14.062526,-0.27687296,-9.041497
电功率,Dn07,Dn07A03,#,16415,Dn07 · 比率,14.479485,2.265227,-16.097527
百分比,Dn07,Dn07C01,=,16420,Dn07 · 比率,11.097298,3.4922314,-12.492407
百分率,Dn07,Dn07A03,#,16415,Dn07 · 比率,11.3845215,3.5364118,-12.353059
相率,Dn07,Dn07A03,#,16415,Dn07 · 比率,10.824114,6.045989,-16.189283
磁导率,Dn07,Dn07A03,#,16415,Dn07 · 比率,14.447189,2.7199433,-16.60693
祖率,Dn07,Dn07A03,#,16415,Dn07 · 比率,-3.579884,9.656609,1.4346402
票房价值,Dn07,Dn07A02,=,16414,Dn07 · 比率,15.501685,-2.4233737,-7.2347274
租售率,Dn07,Dn07A03,#,16415,Dn07 · 比率,14.411117,-1.2882781,-8.113506
稳定率,Dn07,Dn07A03,#,16415,Dn07 · 比率,13.710563,1.5683945,-16.655632
繁殖率,Dn07,Dn07A03,#,16415,Dn07 · 比率,7.6132336,-2.2298865,-14.396272
结实率,Dn07,Dn07A03,#,16415,Dn07 · 比率,11.597362,1.2498878,-14.696686
结案率,Dn07,Dn07A03,#,16415,Dn07 · 比率,11.223025,-2.1683795,-11.006699
统供率,Dn07,Dn07A03,#,16415,Dn07 · 比率,14.564307,-2.400951,-9.715395
节资率,Dn07,Dn07A03,#,16415,Dn07 · 比率,12.468855,-0.5600554,-9.346565
衣分,Dn07,Dn07B04,#,16419,Dn07 · 比率,-2.4455874,8.120903,-0.041185524
贡献率,Dn07,Dn07A03,#,16415,Dn07 · 比率,11.622591,0.05957958,-13.391053
贴补率,Dn07,Dn07A03,#,16415,Dn07 · 比率,13.3904915,-1.090356,-9.720581
贷存比,Dn07,Dn07B04,#,16419,Dn07 · 比率,16.139404,2.0751448,-6.7901716
转化率,Dn07,Dn07A03,#,16415,Dn07 · 比率,14.386446,-0.6650439,-16.03599
达标率,Dn07,Dn07A03,#,16415,Dn07 · 比率,12.220871,-2.5093708,-13.446649
返修率,Dn07,Dn07A03,#,16415,Dn07 · 比率,15.367705,0.27935225,-14.94292
违章率,Dn07,Dn07A03,#,16415,Dn07 · 比率,12.065933,-1.7650073,-9.326364
速率,Dn07,Dn07A03,#,16415,Dn07 · 比率,12.316118,5.277286,-12.186422
配比,Dn07,Dn07A03,#,16415,Dn07 · 比率,11.11885,4.2208486,-13.960143
采收率,Dn07,Dn07A03,#,16415,Dn07 · 比率,12.466597,0.78225446,-11.144656
销售率,Dn07,Dn07A03,#,16415,Dn07 · 比率,16.058332,-1.0081178,-13.418267
零税率,Dn07,Dn07A03,#,16415,Dn07 · 比率,16.292376,1.2503703,-9.5074005
非文盲率,Dn07,Dn07A03,#,16415,Dn07 · 比率,13.003526,-3.5509582,-8.489729
一了百了,Ig01,Ig01B01,=,22590,Ig01 · 从头,-0.92660606,8.8815155,3.3822134
上路,Ig01,Ig01A08,=,22573,Ig01 · 从头,0.22620082,12.393032,-4.8473577
下学,Ig01,Ig01B10,=,22599,Ig01 · 从头,-0.048123352,13.7907,-7.3022385
下操,Ig01,Ig01B08,=,22597,Ig01 · 从头,0.34088743,10.42257,-4.771004
下班,Ig01,Ig01B07,=,22596,Ig01 · 从头,0.53002733,12.181161,-6.720433
下课,Ig01,Ig01B09,@,22598,Ig01 · 从头,0.38507912,12.552337,-6.4853926
为止,Ig01,Ig01B01,=,22590,Ig01 · 从头,6.383913,7.536721,-3.0584242
了事,Ig01,Ig01B01,=,22590,Ig01 · 从头,1.1494349,9.129526,0.55115074
了断,Ig01,Ig01B01,=,22590,Ig01 · 从头,0.47087306,7.807745,-1.0101987
了结,Ig01,Ig01B01,=,22590,Ig01 · 从头,1.8119522,8.023189,-1.0735055
从头,Ig01,Ig01A01,=,22566,Ig01 · 从头,-0.8510402,10.14056,1.8769925
休业,Ig01,Ig01B15,#,22604,Ig01 · 从头,6.2780604,12.26548,-1.8125901
住手,Ig01,Ig01B02,=,22591,Ig01 · 从头,-0.28386772,8.967673,-2.5973687
作罢,Ig01,Ig01B03,=,22592,Ig01 · 从头,3.592648,9.237656,-2.8056014
入伏,Ig01,Ig01A15,@,22580,Ig01 · 从头,-2.1059175,9.410123,-1.6081543
入冬,Ig01,Ig01A24,=,22589,Ig01 · 从头,-9.279573,-3.7689588,-9.554587
入夏,Ig01,Ig01A24,=,22589,Ig01 · 从头,-9.401142,-3.5299385,-8.899227
入手,Ig01,Ig01A02,=,22567,Ig01 · 从头,0.017877154,9.275173,-2.7984376
入春,Ig01,Ig01A24,=,22589,Ig01 · 从头,-9.520622,-4.4216537,-8.679025
入秋,Ig01,Ig01A24,=,22589,Ig01 · 从头,-8.952152,-4.119752,-9.109047
兴工,Ig01,Ig01A03,=,22568,Ig01 · 从头,6.7497387,-13.727921,1.3849263
出伏,Ig01,Ig01B16,#,22605,Ig01 · 从头,-2.195817,9.565097,-1.595609
出发,Ig01,Ig01A08,=,22573,Ig01 · 从头,0.283878,13.440346,-3.6013117
出航,Ig01,Ig01A10,=,22575,Ig01 · 从头,0.33311662,17.248156,-1.5977556
初始,Ig01,Ig01A01,=,22566,Ig01 · 从头,0.2396584,12.07015,2.209657
初来乍到,Ig01,Ig01A19,@,22584,Ig01 · 从头,-4.6421676,2.0961087,-2.5493796
初露,Ig01,Ig01A01,=,22566,Ig01 · 从头,-4.494383,3.6976545,-4.3375263
剧终,Ig01,Ig01B05,=,22594,Ig01 · 从头,4.1263123,7.6775956,-6.1253443
千帆竞发,Ig01,Ig01A01,=,22566,Ig01 · 从头,-3.6261857,16.90403,-2.284799
发车,Ig01,Ig01A09,=,22574,Ig01 · 从头,4.5322495,15.012816,-0.89741755
启动,Ig01,Ig01A07,=,22572,Ig01 · 从头,-1.417604,12.702851,-3.340374
启幕,Ig01,Ig01A01,=,22566,Ig01 · 从头,6.7261443,13.943723,-5.464903
启碇,Ig01,Ig01A10,=,22575,Ig01 · 从头,-3.903578,11.894956,-0.05415534
启程,Ig01,Ig01A08,=,22573,Ig01 · 从头,-2.2751791,14.846244,-1.4063165
启航,Ig01,Ig01A07,=,22572,Ig01 · 从头,-2.525004,15.187397,-1.2384721
启运,Ig01,Ig01A12,=,22577,Ig01 · 从头,-3.2395928,14.292725,-0.3501484
告竣,Ig01,Ig01B01,=,22590,Ig01 · 从头,1.8319997,9.293279,1.1209067
告终,Ig01,Ig01B01,=,22590,Ig01 · 从头,3.759931,7.500873,-5.3756385
售完,Ig01,Ig01B11,=,22600,Ig01 · 从头,4.593171,8.299604,-4.0923862
善终,Ig01,Ig01B01,=,22590,Ig01 · 从头,-3.5471401,9.575804,-11.135191
善罢甘休,Ig01,Ig01B02,=,22591,Ig01 · 从头,-5.1171327,1.2799634,1.003306
始业,Ig01,Ig01A05,=,22570,Ig01 · 从头,1.189972,13.316216,2.0875864
始发,Ig01,Ig01A01,=,22566,Ig01 · 从头,-0.21690771,13.170438,1.6970575
始起,Ig01,Ig01A01,=,22566,Ig01 · 从头,-1.2046483,12.761036,1.7071363
开学,Ig01,Ig01A05,=,22570,Ig01 · 从头,4.2745166,14.3139925,-5.2019005
开市,Ig01,Ig01A06,=,22571,Ig01 · 从头,4.6656694,13.18124,-3.491389
开幕,Ig01,Ig01A13,=,22578,Ig01 · 从头,6.3791556,13.690092,-4.898976
开张,Ig01,Ig01A23,=,22588,Ig01 · 从头,5.503226,14.536687,-3.7164257
开拔,Ig01,Ig01A06,=,22571,Ig01 · 从头,2.6563818,14.956099,-3.6903884
开班,Ig01,Ig01A01,=,22566,Ig01 · 从头,4.4049096,14.588452,-4.251504
开盘,Ig01,Ig01A23,=,22588,Ig01 · 从头,5.091661,13.849048,-3.6243365
开行,Ig01,Ig01A07,=,22572,Ig01 · 从头,4.804252,14.764715,-1.3407269
开讲,Ig01,Ig01A23,=,22588,Ig01 · 从头,4.8074226,15.387856,-3.9797025
截止,Ig01,Ig01B01,=,22590,Ig01 · 从头,6.023856,6.972225,-4.099126
扫尾,Ig01,Ig01B01,=,22590,Ig01 · 从头,-4.118655,10.690163,-3.7443042
扬帆,Ig01,Ig01A10,=,22575,Ig01 · 从头,-3.6008046,16.88123,-2.275906
拉倒,Ig01,Ig01B14,@,22603,Ig01 · 从头,-1.8121223,10.218911,-4.1362357
拔锚,Ig01,Ig01A10,=,22575,Ig01 · 从头,-2.7231417,9.949932,-4.247017
挂锄,Ig01,Ig01B15,#,22604,Ig01 · 从头,-3.645361,9.166594,-4.2017465
挂镰,Ig01,Ig01B15,#,22604,Ig01 · 从头,-3.5066593,8.722404,-3.8122728
揭幕,Ig01,Ig01A13,=,22578,Ig01 · 从头,6.782893,12.962816,-4.928899
收尾,Ig01,Ig01B01,=,22590,Ig01 · 从头,5.34936,9.674303,-6.014735
收市,Ig01,Ig01B15,#,22604,Ig01 · 从头,3.8288848,11.1185255,-7.2561255
收摊儿,Ig01,Ig01B01,=,22590,Ig01 · 从头,-1.0650715,10.409756,-6.8613644
收操,Ig01,Ig01B08,=,22597,Ig01 · 从头,2.6005156,10.800219,-6.4953012
收盘,Ig01,Ig01B15,#,22604,Ig01 · 从头,3.6850567,11.014682,-7.157246
放学,Ig01,Ig01B10,=,22599,Ig01 · 从头,0.9627466,13.114632,-7.0947886
放工,Ig01,Ig01B07,=,22596,Ig01 · 从头,-0.22844349,11.403903,-6.4063673
散会,Ig01,Ig01B04,=,22593,Ig01 · 从头,4.1464167,10.247897,-1.2709492
散场,Ig01,Ig01B05,=,22594,Ig01 · 从头,5.153686,10.351387,-3.8466196
方始,Ig01,Ig01A01,=,22566,Ig01 · 从头,-4.3120985,9.81603,1.3634365
歇手,Ig01,Ig01B02,=,22591,Ig01 · 从头,1.6721225,10.546292,-1.6650213
江郎才尽,Ig01,Ig01B12,@,22601,Ig01 · 从头,-5.1071544,0.65785915,1.5455312
用尽,Ig01,Ig01B02,=,22591,Ig01 · 从头,1.5550892,9.063259,-3.8093197
登程,Ig01,Ig01A08,=,22573,Ig01 · 从头,-4.8910174,11.853895,-1.9648926
着手,Ig01,Ig01A02,=,22567,Ig01 · 从头,-0.9583561,11.46029,-3.255777
竣工,Ig01,Ig01B01,=,22590,Ig01 · 从头,8.354776,12.700016,-5.3537674
终末,Ig01,Ig01B13,@,22602,Ig01 · 从头,3.1976478,7.0978417,-5.042651
结业,Ig01,Ig01B06,=,22595,Ig01 · 从头,6.945526,12.264351,-2.8567119
结束,Ig01,Ig01B01,=,22590,Ig01 · 从头,5.7103686,9.931769,-5.0725284
罢休,Ig01,Ig01B02,=,22591,Ig01 · 从头,3.4025798,9.256989,-1.8524101
罢手,Ig01,Ig01B02,=,22591,Ig01 · 从头,2.8871295,9.667275,-1.5922087
脱销,Ig01,Ig01B11,=,22600,Ig01 · 从头,2.494919,10.51216,-2.7869744
致力于,Ig01,Ig01A20,@,22585,Ig01 · 从头,3.8107367,4.860057,-2.943632
落幕,Ig01,Ig01B05,=,22594,Ig01 · 从头,5.8755674,10.520563,-4.5128922
试营业,Ig01,Ig01A18,@,22583,Ig01 · 从头,6.0253787,13.4102745,-1.7262819
说尽,Ig01,Ig01B01,=,22590,Ig01 · 从头,1.4023523,8.60144,-4.041493
起先,Ig01,Ig01A07,=,22572,Ig01 · 从头,-0.14709456,12.201817,1.661004
起动,Ig01,Ig01A07,=,22572,Ig01 · 从头,-0.2991367,13.15392,-1.787567
起碇,Ig01,Ig01A10,=,22575,Ig01 · 从头,-2.1937811,12.01321,0.7614257
起航,Ig01,Ig01A10,=,22575,Ig01 · 从头,0.08931685,16.004337,-1.2495742
起航,Ig01,Ig01A11,=,22576,Ig01 · 从头,0.08931685,16.004337,-1.2495742
起行,Ig01,Ig01A08,=,22573,Ig01 · 从头,-1.1305233,12.16595,-0.57233036
起跑,Ig01,Ig01A23,=,22588,Ig01 · 从头,0.891177,14.41362,-1.4830196
起运,Ig01,Ig01A12,=,22577,Ig01 · 从头,-1.358607,12.46148,-0.63192177
起锚,Ig01,Ig01A10,=,22575,Ig01 · 从头,-0.03777873,13.245116,-2.2547138
起飞,Ig01,Ig01A11,=,22576,Ig01 · 从头,0.5087026,16.478659,-0.75199795
造端,Ig01,Ig01A01,=,22566,Ig01 · 从头,-4.0448275,10.228426,0.46756768
闭会,Ig01,Ig01B04,=,22593,Ig01 · 从头,4.914691,10.905487,-2.7420769
首途,Ig01,Ig01A08,=,22573,Ig01 · 从头,-4.963474,11.810512,-2.1949177
