word,small_class,cilin_code,relation,line_id,small_label
主星,Bd01,Bd01B17,#,7480,Bd01 · 自然界
二十八宿,Bd01,Bd01B02,=,7465,Bd01 · 自然界
五星,Bd01,Bd01B17,#,7480,Bd01 · 自然界
人造卫星,Bd01,Bd01B15,@,7478,Bd01 · 自然界
人造行星,Bd01,Bd01B16,#,7479,Bd01 · 自然界
仙后座,Bd01,Bd01B19,#,7482,Bd01 · 自然界
伴星,Bd01,Bd01B17,#,7480,Bd01 · 自然界
六合,Bd01,Bd01A01,=,7463,Bd01 · 自然界
冥王星,Bd01,Bd01B17,#,7480,Bd01 · 自然界
北斗,Bd01,Bd01B10,=,7473,Bd01 · 自然界
北斗星,Bd01,Bd01B10,=,7473,Bd01 · 自然界
北极星,Bd01,Bd01B11,=,7474,Bd01 · 自然界
北辰,Bd01,Bd01B11,=,7474,Bd01 · 自然界
卫星,Bd01,Bd01B16,#,7479,Bd01 · 自然界
变星,Bd01,Bd01B17,#,7480,Bd01 · 自然界
同步卫星,Bd01,Bd01B16,#,7479,Bd01 · 自然界
启明,Bd01,Bd01B04,=,7467,Bd01 · 自然界
启明星,Bd01,Bd01B04,=,7467,Bd01 · 自然界
哈雷彗星,Bd01,Bd01B12,=,7475,Bd01 · 自然界
土星,Bd01,Bd01B17,#,7480,Bd01 · 自然界
土星,Bd01,Bd01B07,=,7470,Bd01 · 自然界
坍缩星,Bd01,Bd01B17,#,7480,Bd01 · 自然界
夜明星,Bd01,Bd01B17,#,7480,Bd01 · 自然界
大熊座,Bd01,Bd01B19,#,7482,Bd01 · 自然界
大犬座,Bd01,Bd01B19,#,7482,Bd01 · 自然界
大自然,Bd01,Bd01A01,=,7463,Bd01 · 自然界
天体,Bd01,Bd01A01,=,7463,Bd01 · 自然界
天南星,Bd01,Bd01B17,#,7480,Bd01 · 自然界
天狼星,Bd01,Bd01B17,#,7480,Bd01 · 自然界
天王星,Bd01,Bd01B17,#,7480,Bd01 · 自然界
天琴座,Bd01,Bd01B19,#,7482,Bd01 · 自然界
天罡,Bd01,Bd01B17,#,7480,Bd01 · 自然界
天罡星,Bd01,Bd01B10,=,7473,Bd01 · 自然界
天蝎座,Bd01,Bd01B19,#,7482,Bd01 · 自然界
太白星,Bd01,Bd01B04,=,7467,Bd01 · 自然界
太阳系,Bd01,Bd01B20,#,7483,Bd01 · 自然界
宇宙,Bd01,Bd01A01,=,7463,Bd01 · 自然界
宇宙空间,Bd01,Bd01A01,=,7463,Bd01 · 自然界
宏观世界,Bd01,Bd01A01,=,7463,Bd01 · 自然界
客星,Bd01,Bd01B14,=,7477,Bd01 · 自然界
小行星,Bd01,Bd01B16,#,7479,Bd01 · 自然界
岁星,Bd01,Bd01B06,=,7469,Bd01 · 自然界
彗星,Bd01,Bd01B12,=,7475,Bd01 · 自然界
恒星,Bd01,Bd01B16,#,7479,Bd01 · 自然界
扫帚星,Bd01,Bd01B12,=,7475,Bd01 · 自然界
旋涡星云,Bd01,Bd01B18,#,7481,Bd01 · 自然界
日月星辰,Bd01,Bd01B01,=,7464,Bd01 · 自然界
昏星,Bd01,Bd01B04,=,7467,Bd01 · 自然界
星云,Bd01,Bd01B18,#,7481,Bd01 · 自然界
星体,Bd01,Bd01B01,=,7464,Bd01 · 自然界
星体,Bd01,Bd01A01,=,7463,Bd01 · 自然界
星团,Bd01,Bd01B18,#,7481,Bd01 · 自然界
星宿,Bd01,Bd01B02,=,7465,Bd01 · 自然界
星座,Bd01,Bd01B02,=,7465,Bd01 · 自然界
星斗,Bd01,Bd01B01,=,7464,Bd01 · 自然界
星河,Bd01,Bd01B03,=,7466,Bd01 · 自然界
星球,Bd01,Bd01B01,=,7464,Bd01 · 自然界
星辰,Bd01,Bd01B01,=,7464,Bd01 · 自然界
星际,Bd01,Bd01B18,#,7481,Bd01 · 自然界
晨星,Bd01,Bd01B04,=,7467,Bd01 · 自然界
木星,Bd01,Bd01B06,=,7469,Bd01 · 自然界
气象卫星,Bd01,Bd01B16,#,7479,Bd01 · 自然界
水星,Bd01,Bd01B17,#,7480,Bd01 · 自然界
河汉,Bd01,Bd01B03,=,7466,Bd01 · 自然界
海星,Bd01,Bd01B17,#,7480,Bd01 · 自然界
火星,Bd01,Bd01B17,#,7480,Bd01 · 自然界
火星,Bd01,Bd01B05,=,7468,Bd01 · 自然界
牛郎星,Bd01,Bd01B09,=,7472,Bd01 · 自然界
牵牛星,Bd01,Bd01B09,=,7472,Bd01 · 自然界
猎户座,Bd01,Bd01B19,#,7482,Bd01 · 自然界
白矮星,Bd01,Bd01B17,#,7480,Bd01 · 自然界
白虎星,Bd01,Bd01B12,=,7475,Bd01 · 自然界
穹庐,Bd01,Bd01A01,=,7463,Bd01 · 自然界
类地行星,Bd01,Bd01B16,#,7479,Bd01 · 自然界
类新星,Bd01,Bd01B17,#,7480,Bd01 · 自然界
类星体,Bd01,Bd01B18,#,7481,Bd01 · 自然界
类木行星,Bd01,Bd01B16,#,7479,Bd01 · 自然界
繁星,Bd01,Bd01B01,=,7464,Bd01 · 自然界
红星,Bd01,Bd01B17,#,7480,Bd01 · 自然界
织女,Bd01,Bd01B08,=,7471,Bd01 · 自然界
织女星,Bd01,Bd01B08,=,7471,Bd01 · 自然界
群星,Bd01,Bd01B18,#,7481,Bd01 · 自然界
老人星,Bd01,Bd01B13,=,7476,Bd01 · 自然界
脉冲星,Bd01,Bd01B17,#,7480,Bd01 · 自然界
自然界,Bd01,Bd01A01,=,7463,Bd01 · 自然界
荧惑,Bd01,Bd01B05,=,7468,Bd01 · 自然界
行星,Bd01,Bd01B16,#,7479,Bd01 · 自然界
褐矮星,Bd01,Bd01B17,#,7480,Bd01 · 自然界
通讯卫星,Bd01,Bd01B16,#,7479,Bd01 · 自然界
金星,Bd01,Bd01B17,#,7480,Bd01 · 自然界
金星,Bd01,Bd01B04,=,7467,Bd01 · 自然界
铱星,Bd01,Bd01B17,#,7480,Bd01 · 自然界
银汉,Bd01,Bd01B03,=,7466,Bd01 · 自然界
银河,Bd01,Bd01B03,=,7466,Bd01 · 自然界
银河系,Bd01,Bd01B20,#,7483,Bd01 · 自然界
镇星,Bd01,Bd01B07,=,7470,Bd01 · 自然界
长庚,Bd01,Bd01B04,=,7467,Bd01 · 自然界
陨星,Bd01,Bd01B14,=,7477,Bd01 · 自然界
陨石,Bd01,Bd01B14,=,7477,Bd01 · 自然界
陨铁,Bd01,Bd01B14,=,7477,Bd01 · 自然界
万花山,Be04,Be04A16,#,7551,Be04 · 支脉
三清山,Be04,Be04A16,#,7551,Be04 · 支脉
上坡,Be04,Be04B05,#,7556,Be04 · 支脉
上方山,Be04,Be04A16,#,7551,Be04 · 支脉
丘陵,Be04,Be04A06,=,7541,Be04 · 支脉
乌蒙山,Be04,Be04A16,#,7551,Be04 · 支脉
乐山,Be04,Be04A16,#,7551,Be04 · 支脉
云崖,Be04,Be04A11,=,7546,Be04 · 支脉
伍员山,Be04,Be04A16,#,7551,Be04 · 支脉
休火山,Be04,Be04A15,#,7550,Be04 · 支脉
光山,Be04,Be04A16,#,7551,Be04 · 支脉
八宝山,Be04,Be04A16,#,7551,Be04 · 支脉
六盘山,Be04,Be04A16,#,7551,Be04 · 支脉
关山,Be04,Be04A16,#,7551,Be04 · 支脉
兴山,Be04,Be04A16,#,7551,Be04 · 支脉
冈山,Be04,Be04A16,#,7551,Be04 · 支脉
冈峦,Be04,Be04A04,=,7539,Be04 · 支脉
冈陵,Be04,Be04A04,=,7539,Be04 · 支脉
北岳,Be04,Be04A16,#,7551,Be04 · 支脉
千佛山,Be04,Be04A16,#,7551,Be04 · 支脉
华蓥山,Be04,Be04A16,#,7551,Be04 · 支脉
古山,Be04,Be04A16,#,7551,Be04 · 支脉
后山,Be04,Be04A16,#,7551,Be04 · 支脉
圆通山,Be04,Be04A16,#,7551,Be04 · 支脉
土包,Be04,Be04A05,=,7540,Be04 · 支脉
土山,Be04,Be04A05,=,7540,Be04 · 支脉
大容山,Be04,Be04A16,#,7551,Be04 · 支脉
太行,Be04,Be04A16,#,7551,Be04 · 支脉
太行山,Be04,Be04A16,#,7551,Be04 · 支脉
夹金山,Be04,Be04A16,#,7551,Be04 · 支脉
威虎山,Be04,Be04A16,#,7551,Be04 · 支脉
孤山,Be04,Be04A16,#,7551,Be04 · 支脉
安第斯山,Be04,Be04A16,#,7551,Be04 · 支脉
宗山,Be04,Be04A16,#,7551,Be04 · 支脉
宝顶山,Be04,Be04A16,#,7551,Be04 · 支脉
层峦迭嶂,Be04,Be04A06,=,7541,Be04 · 支脉
山下,Be04,Be04A08,=,7543,Be04 · 支脉
山丘,Be04,Be04A05,=,7540,Be04 · 支脉
山体,Be04,Be04A01,=,7536,Be04 · 支脉
山凹,Be04,Be04A10,=,7545,Be04 · 支脉
山嘴,Be04,Be04A08,=,7543,Be04 · 支脉
山坡,Be04,Be04B02,=,7553,Be04 · 支脉
山岭,Be04,Be04A06,=,7541,Be04 · 支脉
山崖,Be04,Be04A11,=,7546,Be04 · 支脉
山巅,Be04,Be04A09,=,7544,Be04 · 支脉
山脊,Be04,Be04A09,=,7544,Be04 · 支脉
山腰,Be04,Be04A09,=,7544,Be04 · 支脉
山谷,Be04,Be04A10,=,7545,Be04 · 支脉
山野,Be04,Be04A13,=,7548,Be04 · 支脉
岚山,Be04,Be04A16,#,7551,Be04 · 支脉
岷山,Be04,Be04A16,#,7551,Be04 · 支脉
峨嵋山,Be04,Be04A16,#,7551,Be04 · 支脉
峭壁,Be04,Be04A11,=,7546,Be04 · 支脉
峰顶,Be04,Be04A07,=,7542,Be04 · 支脉
崂山,Be04,Be04A16,#,7551,Be04 · 支脉
巴山,Be04,Be04A16,#,7551,Be04 · 支脉
平山,Be04,Be04A16,#,7551,Be04 · 支脉
彝山,Be04,Be04A16,#,7551,Be04 · 支脉
支脉,Be04,Be04A01,=,7536,Be04 · 支脉
桥山,Be04,Be04A16,#,7551,Be04 · 支脉
横路山,Be04,Be04A16,#,7551,Be04 · 支脉
武当山,Be04,Be04A16,#,7551,Be04 · 支脉
沙岭,Be04,Be04A12,=,7547,Be04 · 支脉
沟谷,Be04,Be04A10,=,7545,Be04 · 支脉
洪山,Be04,Be04A16,#,7551,Be04 · 支脉
活火山,Be04,Be04A15,#,7550,Be04 · 支脉
火焰山,Be04,Be04A16,#,7551,Be04 · 支脉
灵山,Be04,Be04A16,#,7551,Be04 · 支脉
燕山,Be04,Be04A16,#,7551,Be04 · 支脉
狭谷,Be04,Be04A10,=,7545,Be04 · 支脉
珠峰,Be04,Be04A16,#,7551,Be04 · 支脉
琼山,Be04,Be04A16,#,7551,Be04 · 支脉
瑶山,Be04,Be04A16,#,7551,Be04 · 支脉
白塔山,Be04,Be04A16,#,7551,Be04 · 支脉
皮山,Be04,Be04A16,#,7551,Be04 · 支脉
砀山,Be04,Be04A16,#,7551,Be04 · 支脉
磁山,Be04,Be04A16,#,7551,Be04 · 支脉
祁连,Be04,Be04A16,#,7551,Be04 · 支脉
空谷,Be04,Be04A10,=,7545,Be04 · 支脉
罗山,Be04,Be04A16,#,7551,Be04 · 支脉
群山,Be04,Be04A01,=,7536,Be04 · 支脉
翠微,Be04,Be04A02,=,7537,Be04 · 支脉
老铁山,Be04,Be04A16,#,7551,Be04 · 支脉
芦山,Be04,Be04A16,#,7551,Be04 · 支脉
荒山坡,Be04,Be04B04,=,7555,Be04 · 支脉
荒山野岭,Be04,Be04A06,=,7541,Be04 · 支脉
萧山,Be04,Be04A16,#,7551,Be04 · 支脉
蓝山,Be04,Be04A16,#,7551,Be04 · 支脉
蜀山,Be04,Be04A16,#,7551,Be04 · 支脉
蟒山,Be04,Be04A16,#,7551,Be04 · 支脉
西北麓,Be04,Be04A14,=,7549,Be04 · 支脉
谷底,Be04,Be04A10,=,7545,Be04 · 支脉
贡山,Be04,Be04A16,#,7551,Be04 · 支脉
长梁山,Be04,Be04A16,#,7551,Be04 · 支脉
陡坡,Be04,Be04B05,#,7556,Be04 · 支脉
青山,Be04,Be04A02,=,7537,Be04 · 支脉
韶山,Be04,Be04A16,#,7551,Be04 · 支脉
高峰,Be04,Be04A07,=,7542,Be04 · 支脉
齐岳山,Be04,Be04A16,#,7551,Be04 · 支脉
龙山,Be04,Be04A16,#,7551,Be04 · 支脉
中果皮,Bh13,Bh13A09,=,8432,Bh13 · 果子
人心果,Bh13,Bh13A18,#,8441,Bh13 · 果子
优种,Bh13,Bh13B18,#,8459,Bh13 · 果子
假果,Bh13,Bh13A17,#,8440,Bh13 · 果子
假种,Bh13,Bh13B19,#,8460,Bh13 · 果子
南瓜子,Bh13,Bh13B16,#,8457,Bh13 · 果子
地梨,Bh13,Bh13A08,=,8431,Bh13 · 果子
坚果,Bh13,Bh13A17,#,8440,Bh13 · 果子
外果皮,Bh13,Bh13A09,=,8432,Bh13 · 果子
子实,Bh13,Bh13B01,=,8442,Bh13 · 果子
山楂果,Bh13,Bh13A18,#,8441,Bh13 · 果子
干果,Bh13,Bh13A17,#,8440,Bh13 · 果子
幼穗,Bh13,Bh13B09,@,8450,Bh13 · 果子
文冠果,Bh13,Bh13A18,#,8441,Bh13 · 果子
杂交种,Bh13,Bh13B18,#,8459,Bh13 · 果子
松子,Bh13,Bh13B03,=,8444,Bh13 · 果子
松果,Bh13,Bh13A18,#,8441,Bh13 · 果子
松球,Bh13,Bh13A05,@,8428,Bh13 · 果子
果子,Bh13,Bh13A01,=,8424,Bh13 · 果子
果干,Bh13,Bh13A14,@,8437,Bh13 · 果子
果皮,Bh13,Bh13A09,=,8432,Bh13 · 果子
果肉,Bh13,Bh13A12,=,8435,Bh13 · 果子
柳絮,Bh13,Bh13B14,#,8455,Bh13 · 果子
核仁,Bh13,Bh13B15,#,8456,Bh13 · 果子
核儿,Bh13,Bh13A10,=,8433,Bh13 · 果子
核果,Bh13,Bh13A17,#,8440,Bh13 · 果子
桃仁,Bh13,Bh13B15,#,8456,Bh13 · 果子
桐子,Bh13,Bh13B16,#,8457,Bh13 · 果子
桑果,Bh13,Bh13A03,=,8426,Bh13 · 果子
桑葚,Bh13,Bh13A03,=,8426,Bh13 · 果子
梅子,Bh13,Bh13A02,=,8425,Bh13 · 果子
棉籽,Bh13,Bh13B20,#,8461,Bh13 · 果子
棉铃,Bh13,Bh13B14,#,8455,Bh13 · 果子
椰胡,Bh13,Bh13A18,#,8441,Bh13 · 果子
榆荚,Bh13,Bh13A18,#,8441,Bh13 · 果子
榆钱,Bh13,Bh13B14,#,8455,Bh13 · 果子
槐角,Bh13,Bh13A16,@,8439,Bh13 · 果子
樟脑,Bh13,Bh13A18,#,8441,Bh13 · 果子
橡实,Bh13,Bh13A04,@,8427,Bh13 · 果子
沙瓤,Bh13,Bh13A12,=,8435,Bh13 · 果子
油茶籽,Bh13,Bh13B20,#,8461,Bh13 · 果子
浆果,Bh13,Bh13A17,#,8440,Bh13 · 果子
液果,Bh13,Bh13A17,#,8440,Bh13 · 果子
火种,Bh13,Bh13B12,@,8453,Bh13 · 果子
球果,Bh13,Bh13A17,#,8440,Bh13 · 果子
瓜仁,Bh13,Bh13B15,#,8456,Bh13 · 果子
瓜子,Bh13,Bh13B16,#,8457,Bh13 · 果子
瓤子,Bh13,Bh13A12,=,8435,Bh13 · 果子
瘦果,Bh13,Bh13A17,#,8440,Bh13 · 果子
白瓜子,Bh13,Bh13B16,#,8457,Bh13 · 果子
真果,Bh13,Bh13A17,#,8440,Bh13 · 果子
砻糠,Bh13,Bh13B13,#,8454,Bh13 · 果子
秋冬种,Bh13,Bh13B19,#,8460,Bh13 · 果子
种仁,Bh13,Bh13B02,=,8443,Bh13 · 果子
稻种,Bh13,Bh13B17,#,8458,Bh13 · 果子
稻糠,Bh13,Bh13B13,#,8454,Bh13 · 果子
籽儿,Bh13,Bh13B01,=,8442,Bh13 · 果子
籽粒,Bh13,Bh13B01,=,8442,Bh13 · 果子
糠秕,Bh13,Bh13B13,#,8454,Bh13 · 果子
红果,Bh13,Bh13A17,#,8440,Bh13 · 果子
翅果,Bh13,Bh13A17,#,8440,Bh13 · 果子
芡实,Bh13,Bh13B07,=,8448,Bh13 · 果子
芥子,Bh13,Bh13B16,#,8457,Bh13 · 果子
花果,Bh13,Bh13A17,#,8440,Bh13 · 果子
花生仁,Bh13,Bh13B04,=,8445,Bh13 · 果子
花生果,Bh13,Bh13A18,#,8441,Bh13 · 果子
花生米,Bh13,Bh13B04,=,8445,Bh13 · 果子
花籽,Bh13,Bh13B20,#,8461,Bh13 · 果子
草种,Bh13,Bh13B10,=,8451,Bh13 · 果子
草籽,Bh13,Bh13B10,=,8451,Bh13 · 果子
荚果,Bh13,Bh13A17,#,8440,Bh13 · 果子
荸荠,Bh13,Bh13A08,=,8431,Bh13 · 果子
莲子,Bh13,Bh13B05,=,8446,Bh13 · 果子
莲蓬子儿,Bh13,Bh13B05,=,8446,Bh13 · 果子
菜子,Bh13,Bh13B06,=,8447,Bh13 · 果子
菱角,Bh13,Bh13A06,=,8429,Bh13 · 果子
落果,Bh13,Bh13A17,#,8440,Bh13 · 果子
葵花仁,Bh13,Bh13B11,=,8452,Bh13 · 果子
葵花子,Bh13,Bh13B11,=,8452,Bh13 · 果子
葵花籽,Bh13,Bh13B20,#,8461,Bh13 · 果子
蒴果,Bh13,Bh13A17,#,8440,Bh13 · 果子
蓖麻子,Bh13,Bh13B16,#,8457,Bh13 · 果子
蕾铃,Bh13,Bh13B14,#,8455,Bh13 · 果子
薏米,Bh13,Bh13B08,@,8449,Bh13 · 果子
蚕种,Bh13,Bh13B17,#,8458,Bh13 · 果子
西瓜籽,Bh13,Bh13B20,#,8461,Bh13 · 果子
角果,Bh13,Bh13A17,#,8440,Bh13 · 果子
谷种,Bh13,Bh13B17,#,8458,Bh13 · 果子
谷糠,Bh13,Bh13B13,#,8454,Bh13 · 果子
豆种,Bh13,Bh13B17,#,8458,Bh13 · 果子
野果,Bh13,Bh13A17,#,8440,Bh13 · 果子
金桦果,Bh13,Bh13A18,#,8441,Bh13 · 果子
阿萨伊果,Bh13,Bh13A18,#,8441,Bh13 · 果子
青梅,Bh13,Bh13A02,=,8425,Bh13 · 果子
颖果,Bh13,Bh13A17,#,8440,Bh13 · 果子
马蹄,Bh13,Bh13A08,=,8431,Bh13 · 果子
马钱子,Bh13,Bh13B16,#,8457,Bh13 · 果子
鸡头米,Bh13,Bh13B07,=,8448,Bh13 · 果子
麦种,Bh13,Bh13B17,#,8458,Bh13 · 果子
麦糠,Bh13,Bh13B13,#,8454,Bh13 · 果子
一代,Ca03,Ca03A01,=,11666,Ca03 · 一代
上升期,Ca03,Ca03A03,#,11668,Ca03 · 一代
中后期,Ca03,Ca03A15,#,11680,Ca03 · 一代
丰收期,Ca03,Ca03A11,#,11676,Ca03 · 一代
主汛期,Ca03,Ca03A08,#,11673,Ca03 · 一代
二期,Ca03,Ca03A20,#,11685,Ca03 · 一代
交货期,Ca03,Ca03A05,#,11670,Ca03 · 一代
产前,Ca03,Ca03A14,#,11679,Ca03 · 一代
产后,Ca03,Ca03A14,#,11679,Ca03 · 一代
产褥期,Ca03,Ca03A03,#,11668,Ca03 · 一代
任期,Ca03,Ca03A09,#,11674,Ca03 · 一代
作息时间,Ca03,Ca03B08,#,11693,Ca03 · 一代
保修期,Ca03,Ca03A12,#,11677,Ca03 · 一代
保存期,Ca03,Ca03A12,#,11677,Ca03 · 一代
保质期,Ca03,Ca03A12,#,11677,Ca03 · 一代
保险期,Ca03,Ca03A03,#,11668,Ca03 · 一代
偿还期,Ca03,Ca03A05,#,11670,Ca03 · 一代
兑付期,Ca03,Ca03A05,#,11670,Ca03 · 一代
全年,Ca03,Ca03B05,#,11690,Ca03 · 一代
全年候,Ca03,Ca03B05,#,11690,Ca03 · 一代
冬闲,Ca03,Ca03A18,#,11683,Ca03 · 一代
冰冻期,Ca03,Ca03A08,#,11673,Ca03 · 一代
冰川期,Ca03,Ca03A08,#,11673,Ca03 · 一代
冰期,Ca03,Ca03A08,#,11673,Ca03 · 一代
分分秒秒,Ca03,Ca03B06,#,11691,Ca03 · 一代
分娩期,Ca03,Ca03A06,#,11671,Ca03 · 一代
分钟时段,Ca03,Ca03C03,#,11698,Ca03 · 一代
刑期,Ca03,Ca03A03,#,11668,Ca03 · 一代
初二,Ca03,Ca03A19,#,11684,Ca03 · 一代
助残日,Ca03,Ca03A03,#,11668,Ca03 · 一代
勃长期,Ca03,Ca03A03,#,11668,Ca03 · 一代
十五日,Ca03,Ca03B05,#,11690,Ca03 · 一代
半年,Ca03,Ca03B05,#,11690,Ca03 · 一代
发展期,Ca03,Ca03A04,#,11669,Ca03 · 一代
发情期,Ca03,Ca03A03,#,11668,Ca03 · 一代
发育期,Ca03,Ca03A04,#,11669,Ca03 · 一代
后半期,Ca03,Ca03A15,#,11680,Ca03 · 一代
后半段,Ca03,Ca03A15,#,11680,Ca03 · 一代
后过渡期,Ca03,Ca03A07,#,11672,Ca03 · 一代
周期,Ca03,Ca03A03,#,11668,Ca03 · 一代
回收期,Ca03,Ca03A05,#,11670,Ca03 · 一代
地方时,Ca03,Ca03B09,#,11694,Ca03 · 一代
增长期,Ca03,Ca03A04,#,11669,Ca03 · 一代
多日,Ca03,Ca03B05,#,11690,Ca03 · 一代
婴儿期,Ca03,Ca03A04,#,11669,Ca03 · 一代
孕期,Ca03,Ca03A06,#,11671,Ca03 · 一代
学期,Ca03,Ca03A03,#,11668,Ca03 · 一代
实习期,Ca03,Ca03A09,#,11674,Ca03 · 一代
宽限期,Ca03,Ca03A13,#,11678,Ca03 · 一代
岁时,Ca03,Ca03B01,=,11686,Ca03 · 一代
岁月,Ca03,Ca03B01,=,11686,Ca03 · 一代
峥嵘岁月,Ca03,Ca03B07,#,11692,Ca03 · 一代
工夫,Ca03,Ca03B01,=,11686,Ca03 · 一代
工时,Ca03,Ca03B10,#,11695,Ca03 · 一代
年龄段,Ca03,Ca03C03,#,11698,Ca03 · 一代
归期,Ca03,Ca03A05,#,11670,Ca03 · 一代
形成期,Ca03,Ca03A03,#,11668,Ca03 · 一代
成熟期,Ca03,Ca03A04,#,11669,Ca03 · 一代
成长期,Ca03,Ca03A04,#,11669,Ca03 · 一代
战时,Ca03,Ca03A17,@,11682,Ca03 · 一代
截止期,Ca03,Ca03A05,#,11670,Ca03 · 一代
承包期,Ca03,Ca03A13,#,11678,Ca03 · 一代
播种期,Ca03,Ca03A03,#,11668,Ca03 · 一代
施工期,Ca03,Ca03A13,#,11678,Ca03 · 一代
无霜期,Ca03,Ca03A03,#,11668,Ca03 · 一代
日期,Ca03,Ca03B02,=,11687,Ca03 · 一代
时日,Ca03,Ca03B01,=,11686,Ca03 · 一代
时期,Ca03,Ca03A01,=,11666,Ca03 · 一代
时间,Ca03,Ca03B01,=,11686,Ca03 · 一代
更年期,Ca03,Ca03A03,#,11668,Ca03 · 一代
月子,Ca03,Ca03A06,#,11671,Ca03 · 一代
有效期,Ca03,Ca03A03,#,11668,Ca03 · 一代
本期,Ca03,Ca03A20,#,11685,Ca03 · 一代
汛期,Ca03,Ca03A03,#,11668,Ca03 · 一代
活动期,Ca03,Ca03A03,#,11668,Ca03 · 一代
流光,Ca03,Ca03B01,=,11686,Ca03 · 一代
渔汛,Ca03,Ca03A10,#,11675,Ca03 · 一代
潜伏期,Ca03,Ca03A03,#,11668,Ca03 · 一代
百日,Ca03,Ca03B05,#,11690,Ca03 · 一代
磨合期,Ca03,Ca03A07,#,11672,Ca03 · 一代
禁渔期,Ca03,Ca03A10,#,11675,Ca03 · 一代
租期,Ca03,Ca03A13,#,11678,Ca03 · 一代
考期,Ca03,Ca03A03,#,11668,Ca03 · 一代
聘期,Ca03,Ca03A09,#,11674,Ca03 · 一代
船期,Ca03,Ca03A13,#,11678,Ca03 · 一代
花期,Ca03,Ca03A11,#,11676,Ca03 · 一代
苗期,Ca03,Ca03A11,#,11676,Ca03 · 一代
见习期,Ca03,Ca03A09,#,11674,Ca03 · 一代
试用期,Ca03,Ca03A03,#,11668,Ca03 · 一代
课期,Ca03,Ca03A03,#,11668,Ca03 · 一代
调整期,Ca03,Ca03A07,#,11672,Ca03 · 一代
超阶段,Ca03,Ca03C02,@,11697,Ca03 · 一代
蹉跎岁月,Ca03,Ca03B07,#,11692,Ca03 · 一代
转型期,Ca03,Ca03A07,#,11672,Ca03 · 一代
过渡期,Ca03,Ca03A03,#,11668,Ca03 · 一代
霜期,Ca03,Ca03A03,#,11668,Ca03 · 一代
青春期,Ca03,Ca03A03,#,11668,Ca03 · 一代
预备期,Ca03,Ca03A09,#,11674,Ca03 · 一代
饭前,Ca03,Ca03A14,#,11679,Ca03 · 一代
首期,Ca03,Ca03A03,#,11668,Ca03 · 一代
七一,Ca25,Ca25A06,@,11924,Ca25 · 节日
七夕,Ca25,Ca25A14,@,11932,Ca25 · 节日
三元,Ca25,Ca25A09,=,11927,Ca25 · 节日
三八节,Ca25,Ca25A03,=,11921,Ca25 · 节日
上元节,Ca25,Ca25A11,=,11929,Ca25 · 节日
丧假,Ca25,Ca25B02,#,11939,Ca25 · 节日
中元节,Ca25,Ca25A13,@,11931,Ca25 · 节日
中秋,Ca25,Ca25A15,=,11933,Ca25 · 节日
中秋节,Ca25,Ca25A15,=,11933,Ca25 · 节日
事假,Ca25,Ca25B02,#,11939,Ca25 · 节日
五一节,Ca25,Ca25A04,=,11922,Ca25 · 节日
五月节,Ca25,Ca25A12,=,11930,Ca25 · 节日
产假,Ca25,Ca25B02,#,11939,Ca25 · 节日
休假,Ca25,Ca25B01,=,11938,Ca25 · 节日
佳节,Ca25,Ca25A02,=,11920,Ca25 · 节日
例假,Ca25,Ca25B02,#,11939,Ca25 · 节日
假日,Ca25,Ca25B01,=,11938,Ca25 · 节日
儿童节,Ca25,Ca25A05,@,11923,Ca25 · 节日
元宵节,Ca25,Ca25A11,=,11929,Ca25 · 节日
元旦,Ca25,Ca25A09,=,11927,Ca25 · 节日
八一,Ca25,Ca25A07,=,11925,Ca25 · 节日
八月节,Ca25,Ca25A15,=,11933,Ca25 · 节日
公休,Ca25,Ca25B02,#,11939,Ca25 · 节日
公假,Ca25,Ca25B02,#,11939,Ca25 · 节日
冰雪节,Ca25,Ca25A18,#,11936,Ca25 · 节日
劳动节,Ca25,Ca25A04,=,11922,Ca25 · 节日
厂休,Ca25,Ca25B02,#,11939,Ca25 · 节日
厂礼拜,Ca25,Ca25B02,#,11939,Ca25 · 节日
古尔邦节,Ca25,Ca25A18,#,11936,Ca25 · 节日
咖啡节,Ca25,Ca25A18,#,11936,Ca25 · 节日
啤酒节,Ca25,Ca25A18,#,11936,Ca25 · 节日
团圆节,Ca25,Ca25A15,=,11933,Ca25 · 节日
国庆,Ca25,Ca25A18,#,11936,Ca25 · 节日
国庆节,Ca25,Ca25A18,#,11936,Ca25 · 节日
图书节,Ca25,Ca25A18,#,11936,Ca25 · 节日
圣诞,Ca25,Ca25A19,#,11937,Ca25 · 节日
圣诞节,Ca25,Ca25A19,#,11937,Ca25 · 节日
圪节,Ca25,Ca25A18,#,11936,Ca25 · 节日
复活节,Ca25,Ca25A19,#,11937,Ca25 · 节日
大年初一,Ca25,Ca25A09,=,11927,Ca25 · 节日
妇女节,Ca25,Ca25A03,=,11921,Ca25 · 节日
婚假,Ca25,Ca25B02,#,11939,Ca25 · 节日
宋干节,Ca25,Ca25A18,#,11936,Ca25 · 节日
宰牲节,Ca25,Ca25A17,@,11935,Ca25 · 节日
寒假,Ca25,Ca25B02,#,11939,Ca25 · 节日
寒暑假,Ca25,Ca25B02,#,11939,Ca25 · 节日
年假,Ca25,Ca25B02,#,11939,Ca25 · 节日
年初一,Ca25,Ca25A09,=,11927,Ca25 · 节日
年夜,Ca25,Ca25A08,=,11926,Ca25 · 节日
年节,Ca25,Ca25A10,=,11928,Ca25 · 节日
廉政节,Ca25,Ca25A18,#,11936,Ca25 · 节日
建军节,Ca25,Ca25A07,=,11925,Ca25 · 节日
开斋,Ca25,Ca25A19,#,11937,Ca25 · 节日
开斋节,Ca25,Ca25A19,#,11937,Ca25 · 节日
愚人节,Ca25,Ca25A19,#,11937,Ca25 · 节日
戏剧节,Ca25,Ca25A18,#,11936,Ca25 · 节日
教师节,Ca25,Ca25A18,#,11936,Ca25 · 节日
文化节,Ca25,Ca25A18,#,11936,Ca25 · 节日
斋日,Ca25,Ca25A19,#,11937,Ca25 · 节日
新春佳节,Ca25,Ca25A10,=,11928,Ca25 · 节日
旅游节,Ca25,Ca25A18,#,11936,Ca25 · 节日
春假,Ca25,Ca25B02,#,11939,Ca25 · 节日
暑期,Ca25,Ca25B02,#,11939,Ca25 · 节日
曲艺节,Ca25,Ca25A18,#,11936,Ca25 · 节日
服装节,Ca25,Ca25A18,#,11936,Ca25 · 节日
杂技节,Ca25,Ca25A18,#,11936,Ca25 · 节日
桃花节,Ca25,Ca25A18,#,11936,Ca25 · 节日
植树节,Ca25,Ca25A18,#,11936,Ca25 · 节日
母亲节,Ca25,Ca25A18,#,11936,Ca25 · 节日
民歌节,Ca25,Ca25A18,#,11936,Ca25 · 节日
洒红节,Ca25,Ca25A19,#,11937,Ca25 · 节日
海神节,Ca25,Ca25A18,#,11936,Ca25 · 节日
清明节,Ca25,Ca25A18,#,11936,Ca25 · 节日
灯节,Ca25,Ca25A11,=,11929,Ca25 · 节日
狂欢夜,Ca25,Ca25A18,#,11936,Ca25 · 节日
狂欢节,Ca25,Ca25A18,#,11936,Ca25 · 节日
电影节,Ca25,Ca25A18,#,11936,Ca25 · 节日
电脑节,Ca25,Ca25A18,#,11936,Ca25 · 节日
病休,Ca25,Ca25B02,#,11939,Ca25 · 节日
科技节,Ca25,Ca25A18,#,11936,Ca25 · 节日
端午,Ca25,Ca25A12,=,11930,Ca25 · 节日
端午节,Ca25,Ca25A12,=,11930,Ca25 · 节日
端阳,Ca25,Ca25A12,=,11930,Ca25 · 节日
纪念日,Ca25,Ca25A01,=,11919,Ca25 · 节日
联欢节,Ca25,Ca25A18,#,11936,Ca25 · 节日
艺术节,Ca25,Ca25A18,#,11936,Ca25 · 节日
节假日,Ca25,Ca25A01,=,11919,Ca25 · 节日
节日,Ca25,Ca25A01,=,11919,Ca25 · 节日
苗节,Ca25,Ca25A19,#,11937,Ca25 · 节日
蜜月,Ca25,Ca25B02,#,11939,Ca25 · 节日
读书节,Ca25,Ca25A18,#,11936,Ca25 · 节日
重阳,Ca25,Ca25A16,=,11934,Ca25 · 节日
重阳节,Ca25,Ca25A16,=,11934,Ca25 · 节日
除夕,Ca25,Ca25A08,=,11926,Ca25 · 节日
除夕夜,Ca25,Ca25A08,=,11926,Ca25 · 节日
霍利节,Ca25,Ca25A18,#,11936,Ca25 · 节日
青年节,Ca25,Ca25A18,#,11936,Ca25 · 节日
音乐节,Ca25,Ca25A18,#,11936,Ca25 · 节日
风筝节,Ca25,Ca25A18,#,11936,Ca25 · 节日
龙舟节,Ca25,Ca25A18,#,11936,Ca25 · 节日
七十二行,Di18,Di18B02,=,14630,Di18 · 事业
三教九流,Di18,Di18B02,=,14630,Di18 · 事业
不动产业,Di18,Di18B10,#,14638,Di18 · 事业
乡镇企业,Di18,Di18B07,@,14635,Di18 · 事业
乳业,Di18,Di18B10,#,14638,Di18 · 事业
交通业,Di18,Di18B10,#,14638,Di18 · 事业
住宅业,Di18,Di18B10,#,14638,Di18 · 事业
信息业,Di18,Di18B10,#,14638,Di18 · 事业
兔业,Di18,Di18B10,#,14638,Di18 · 事业
公益,Di18,Di18A03,#,14628,Di18 · 事业
养牛业,Di18,Di18B10,#,14638,Di18 · 事业
养猪业,Di18,Di18B10,#,14638,Di18 · 事业
农业,Di18,Di18B10,#,14638,Di18 · 事业
农工商,Di18,Di18B02,=,14630,Di18 · 事业
农牧业,Di18,Di18B10,#,14638,Di18 · 事业
出版业,Di18,Di18B10,#,14638,Di18 · 事业
制药业,Di18,Di18B10,#,14638,Di18 · 事业
制造业,Di18,Di18B10,#,14638,Di18 · 事业
副业,Di18,Di18B10,#,14638,Di18 · 事业
加工业,Di18,Di18B10,#,14638,Di18 · 事业
千秋大业,Di18,Di18C05,@,14648,Di18 · 事业
印刷业,Di18,Di18B10,#,14638,Di18 · 事业
各行,Di18,Di18B10,#,14638,Di18 · 事业
同行业,Di18,Di18B01,=,14629,Di18 · 事业
咨询业,Di18,Di18B10,#,14638,Di18 · 事业
商业,Di18,Di18B03,=,14631,Di18 · 事业
土建,Di18,Di18B10,#,14638,Di18 · 事业
土木,Di18,Di18C03,=,14646,Di18 · 事业
娱乐业,Di18,Di18B10,#,14638,Di18 · 事业
婚介业,Di18,Di18B10,#,14638,Di18 · 事业
宏业,Di18,Di18A02,=,14627,Di18 · 事业
家电业,Di18,Di18B10,#,14638,Di18 · 事业
寿险,Di18,Di18B12,#,14640,Di18 · 事业
小买卖,Di18,Di18B03,=,14631,Di18 · 事业
小本生意,Di18,Di18B03,=,14631,Di18 · 事业
工业,Di18,Di18B10,#,14638,Di18 · 事业
工事,Di18,Di18C01,=,14644,Di18 · 事业
工副业,Di18,Di18B10,#,14638,Di18 · 事业
工程,Di18,Di18C01,=,14644,Di18 · 事业
广告业,Di18,Di18B10,#,14638,Di18 · 事业
开发业,Di18,Di18B10,#,14638,Di18 · 事业
手工业,Di18,Di18B10,#,14638,Di18 · 事业
扫盲,Di18,Di18B10,#,14638,Di18 · 事业
批发业,Di18,Di18B10,#,14638,Di18 · 事业
报业,Di18,Di18B10,#,14638,Di18 · 事业
拍卖业,Di18,Di18B10,#,14638,Di18 · 事业
排水,Di18,Di18B10,#,14638,Di18 · 事业
文化教育,Di18,Di18A03,#,14628,Di18 · 事业
新业,Di18,Di18B10,#,14638,Di18 · 事业
旅业,Di18,Di18B10,#,14638,Di18 · 事业
服务业,Di18,Di18B10,#,14638,Di18 · 事业
服装业,Di18,Di18B10,#,14638,Di18 · 事业
林业,Di18,Di18B10,#,14638,Di18 · 事业
林果业,Di18,Di18B10,#,14638,Di18 · 事业
核工程,Di18,Di18C06,#,14649,Di18 · 事业
正业,Di18,Di18B01,=,14629,Di18 · 事业
民运,Di18,Di18B11,#,14639,Di18 · 事业
水产业,Di18,Di18B10,#,14638,Di18 · 事业
水利,Di18,Di18C02,=,14645,Di18 · 事业
水险,Di18,Di18B12,#,14640,Di18 · 事业
流通业,Di18,Di18B10,#,14638,Di18 · 事业
渔业,Di18,Di18B10,#,14638,Di18 · 事业
火险,Di18,Di18B12,#,14640,Di18 · 事业
煤业,Di18,Di18B10,#,14638,Di18 · 事业
玩具业,Di18,Di18B10,#,14638,Di18 · 事业
环保,Di18,Di18B10,#,14638,Di18 · 事业
理发业,Di18,Di18B10,#,14638,Di18 · 事业
电业,Di18,Di18B10,#,14638,Di18 · 事业
电信业,Di18,Di18B10,#,14638,Di18 · 事业
电脑业,Di18,Di18B10,#,14638,Di18 · 事业
畜牧业,Di18,Di18B10,#,14638,Di18 · 事业
盐化工业,Di18,Di18B10,#,14638,Di18 · 事业
社会保险,Di18,Di18B12,#,14640,Di18 · 事业
种养业,Di18,Di18B10,#,14638,Di18 · 事业
粮农,Di18,Di18B10,#,14638,Di18 · 事业
纸业,Di18,Di18B10,#,14638,Di18 · 事业
经济圈,Di18,Di18B13,#,14641,Di18 · 事业
航海业,Di18,Di18B10,#,14638,Di18 · 事业
航运业,Di18,Di18B10,#,14638,Di18 · 事业
药业,Di18,Di18B10,#,14638,Di18 · 事业
行业,Di18,Di18B01,=,14629,Di18 · 事业
计算机业,Di18,Di18B10,#,14638,Di18 · 事业
证券业,Di18,Di18B10,#,14638,Di18 · 事业
赌业,Di18,Di18B10,#,14638,Di18 · 事业
轻工,Di18,Di18B10,#,14638,Di18 · 事业
运输业,Di18,Di18B11,#,14639,Di18 · 事业
通信业,Di18,Di18B10,#,14638,Di18 · 事业
造林,Di18,Di18B10,#,14638,Di18 · 事业
造纸业,Di18,Di18B10,#,14638,Di18 · 事业
邮电,Di18,Di18B10,#,14638,Di18 · 事业
重工业,Di18,Di18B10,#,14638,Di18 · 事业
金融业,Di18,Di18B10,#,14638,Di18 · 事业
钢铁业,Di18,Di18B10,#,14638,Di18 · 事业
银行业,Di18,Di18B10,#,14638,Di18 · 事业
防洪工程,Di18,Di18C06,#,14649,Di18 · 事业
非专业,Di18,Di18B10,#,14638,Di18 · 事业
非金融,Di18,Di18B05,@,14633,Di18 · 事业
鞋业,Di18,Di18B10,#,14638,Di18 · 事业
餐饮业,Di18,Di18B10,#,14638,Di18 · 事业
高新产业,Di18,Di18B10,#,14638,Di18 · 事业
专业课,Dk03,Dk03B16,#,15053,Dk03 · 科学
主课,Dk03,Dk03B16,#,15053,Dk03 · 科学
乡土文学,Dk03,Dk03A11,#,15036,Dk03 · 科学
产科,Dk03,Dk03B17,#,15054,Dk03 · 科学
京剧学,Dk03,Dk03A10,#,15035,Dk03 · 科学
人学,Dk03,Dk03A10,#,15035,Dk03 · 科学
人权学,Dk03,Dk03A10,#,15035,Dk03 · 科学
仿生学,Dk03,Dk03A10,#,15035,Dk03 · 科学
体操课,Dk03,Dk03B08,=,15045,Dk03 · 科学
佛学,Dk03,Dk03A10,#,15035,Dk03 · 科学
作业题,Dk03,Dk03C09,#,15065,Dk03 · 科学
光学,Dk03,Dk03A10,#,15035,Dk03 · 科学
党课,Dk03,Dk03B16,#,15053,Dk03 · 科学
公共课,Dk03,Dk03B16,#,15053,Dk03 · 科学
关系学,Dk03,Dk03A10,#,15035,Dk03 · 科学
军事学,Dk03,Dk03A10,#,15035,Dk03 · 科学
军事科学,Dk03,Dk03A10,#,15035,Dk03 · 科学
农科,Dk03,Dk03B15,#,15052,Dk03 · 科学
剧艺学,Dk03,Dk03A10,#,15035,Dk03 · 科学
力学,Dk03,Dk03A10,#,15035,Dk03 · 科学
动物学,Dk03,Dk03A10,#,15035,Dk03 · 科学
医学,Dk03,Dk03A07,=,15032,Dk03 · 科学
医学,Dk03,Dk03B09,=,15046,Dk03 · 科学
十字花科,Dk03,Dk03A10,#,15035,Dk03 · 科学
卫生学,Dk03,Dk03A10,#,15035,Dk03 · 科学
品德课,Dk03,Dk03B16,#,15053,Dk03 · 科学
团课,Dk03,Dk03B16,#,15053,Dk03 · 科学
园艺学,Dk03,Dk03A10,#,15035,Dk03 · 科学
地学,Dk03,Dk03A10,#,15035,Dk03 · 科学
地球化学,Dk03,Dk03A10,#,15035,Dk03 · 科学
地震学,Dk03,Dk03A10,#,15035,Dk03 · 科学
声韵学,Dk03,Dk03A05,=,15030,Dk03 · 科学
外交学,Dk03,Dk03A10,#,15035,Dk03 · 科学
外语课,Dk03,Dk03B05,=,15042,Dk03 · 科学
家庭作业,Dk03,Dk03C04,=,15060,Dk03 · 科学
工科,Dk03,Dk03B15,#,15052,Dk03 · 科学
工艺学,Dk03,Dk03A10,#,15035,Dk03 · 科学
常识课,Dk03,Dk03B16,#,15053,Dk03 · 科学
年代学,Dk03,Dk03A10,#,15035,Dk03 · 科学
战略学,Dk03,Dk03A10,#,15035,Dk03 · 科学
数理,Dk03,Dk03B18,#,15055,Dk03 · 科学
文化学,Dk03,Dk03A11,#,15036,Dk03 · 科学
文史,Dk03,Dk03B18,#,15055,Dk03 · 科学
文科,Dk03,Dk03B15,#,15052,Dk03 · 科学
文艺学,Dk03,Dk03A10,#,15035,Dk03 · 科学
新闻学,Dk03,Dk03A10,#,15035,Dk03 · 科学
校勘学,Dk03,Dk03A10,#,15035,Dk03 · 科学
植物学,Dk03,Dk03A10,#,15035,Dk03 · 科学
欣赏课,Dk03,Dk03B16,#,15053,Dk03 · 科学
民俗学,Dk03,Dk03A10,#,15035,Dk03 · 科学
水利学,Dk03,Dk03A10,#,15035,Dk03 · 科学
水力学,Dk03,Dk03A10,#,15035,Dk03 · 科学
水文学,Dk03,Dk03A10,#,15035,Dk03 · 科学
治疗学,Dk03,Dk03A10,#,15035,Dk03 · 科学
海洋学,Dk03,Dk03A10,#,15035,Dk03 · 科学
物理学,Dk03,Dk03A10,#,15035,Dk03 · 科学
现象学,Dk03,Dk03A10,#,15035,Dk03 · 科学
理化,Dk03,Dk03B04,=,15041,Dk03 · 科学
理科,Dk03,Dk03B15,#,15052,Dk03 · 科学
生态学,Dk03,Dk03A10,#,15035,Dk03 · 科学
生物学,Dk03,Dk03A10,#,15035,Dk03 · 科学
生理学,Dk03,Dk03A10,#,15035,Dk03 · 科学
电子光学,Dk03,Dk03A10,#,15035,Dk03 · 科学
电子学,Dk03,Dk03A10,#,15035,Dk03 · 科学
白卷,Dk03,Dk03C10,#,15066,Dk03 · 科学
皮肤科,Dk03,Dk03B17,#,15054,Dk03 · 科学
社科,Dk03,Dk03B15,#,15052,Dk03 · 科学
神学,Dk03,Dk03A10,#,15035,Dk03 · 科学
神经科,Dk03,Dk03B17,#,15054,Dk03 · 科学
科学学,Dk03,Dk03A10,#,15035,Dk03 · 科学
科技,Dk03,Dk03A12,#,15037,Dk03 · 科学
空间科学,Dk03,Dk03A10,#,15035,Dk03 · 科学
立体几何,Dk03,Dk03B18,#,15055,Dk03 · 科学
答案,Dk03,Dk03C10,#,15066,Dk03 · 科学
算学,Dk03,Dk03A10,#,15035,Dk03 · 科学
算术课,Dk03,Dk03B03,=,15040,Dk03 · 科学
管理科学,Dk03,Dk03A10,#,15035,Dk03 · 科学
练习题,Dk03,Dk03C02,=,15058,Dk03 · 科学
细胞学,Dk03,Dk03A10,#,15035,Dk03 · 科学
结构力学,Dk03,Dk03A10,#,15035,Dk03 · 科学
统筹学,Dk03,Dk03A10,#,15035,Dk03 · 科学
美学,Dk03,Dk03A10,#,15035,Dk03 · 科学
考题,Dk03,Dk03C06,=,15062,Dk03 · 科学
自然课,Dk03,Dk03B16,#,15053,Dk03 · 科学
药剂学,Dk03,Dk03A10,#,15035,Dk03 · 科学
药理学,Dk03,Dk03A10,#,15035,Dk03 · 科学
试卷,Dk03,Dk03C08,=,15064,Dk03 · 科学
语义学,Dk03,Dk03A10,#,15035,Dk03 · 科学
语法学,Dk03,Dk03A06,=,15031,Dk03 · 科学
语源学,Dk03,Dk03A10,#,15035,Dk03 · 科学
跨学科,Dk03,Dk03A10,#,15035,Dk03 · 科学
辩学,Dk03,Dk03A10,#,15035,Dk03 · 科学
选修课,Dk03,Dk03B16,#,15053,Dk03 · 科学
选择题,Dk03,Dk03C09,#,15065,Dk03 · 科学
逻辑学,Dk03,Dk03A04,=,15029,Dk03 · 科学
遗传工程,Dk03,Dk03B18,#,15055,Dk03 · 科学
量子力学,Dk03,Dk03A10,#,15035,Dk03 · 科学
音韵学,Dk03,Dk03A05,=,15030,Dk03 · 科学
高科技,Dk03,Dk03A12,#,15037,Dk03 · 科学
高能物理,Dk03,Dk03B18,#,15055,Dk03 · 科学
专文,Dk19,Dk19B35,#,15506,Dk19 · 著述
专稿,Dk19,Dk19C07,#,15514,Dk19 · 著述
二十五史,Dk19,Dk19A15,#,15468,Dk19 · 著述
五经,Dk19,Dk19A15,#,15468,Dk19 · 著述
作品选,Dk19,Dk19A16,#,15469,Dk19 · 著述
例文,Dk19,Dk19B28,#,15499,Dk19 · 著述
修改稿,Dk19,Dk19C07,#,15514,Dk19 · 著述
出世作,Dk19,Dk19A04,=,15457,Dk19 · 著述
制艺,Dk19,Dk19B04,=,15475,Dk19 · 著述
力作,Dk19,Dk19A03,=,15456,Dk19 · 著述
单篇,Dk19,Dk19B36,#,15507,Dk19 · 著述
压卷之作,Dk19,Dk19A03,=,15456,Dk19 · 著述
原稿,Dk19,Dk19C03,=,15510,Dk19 · 著述
原著,Dk19,Dk19A13,#,15466,Dk19 · 著述
双城记,Dk19,Dk19A15,#,15468,Dk19 · 著述
发言稿,Dk19,Dk19C07,#,15514,Dk19 · 著述
叙事文,Dk19,Dk19B14,=,15485,Dk19 · 著述
史志,Dk19,Dk19A14,#,15467,Dk19 · 著述
史记,Dk19,Dk19A15,#,15468,Dk19 · 著述
名篇,Dk19,Dk19A03,=,15456,Dk19 · 著述
哀辞,Dk19,Dk19B06,=,15477,Dk19 · 著述
四六文,Dk19,Dk19B16,=,15487,Dk19 · 著述
墓志铭,Dk19,Dk19B09,=,15480,Dk19 · 著述
大笔,Dk19,Dk19A03,=,15456,Dk19 · 著述
天方夜谭,Dk19,Dk19A15,#,15468,Dk19 · 著述
奇文,Dk19,Dk19B35,#,15506,Dk19 · 著述
姊妹篇,Dk19,Dk19B33,#,15504,Dk19 · 著述
实用文,Dk19,Dk19B13,=,15484,Dk19 · 著述
巨制,Dk19,Dk19A02,=,15455,Dk19 · 著述
巨著,Dk19,Dk19A02,=,15455,Dk19 · 著述
序论,Dk19,Dk19B21,@,15492,Dk19 · 著述
底稿,Dk19,Dk19C04,=,15511,Dk19 · 著述
异文,Dk19,Dk19B28,#,15499,Dk19 · 著述
急就章,Dk19,Dk19A06,=,15459,Dk19 · 著述
悼词,Dk19,Dk19B06,=,15477,Dk19 · 著述
成文,Dk19,Dk19B01,=,15472,Dk19 · 著述
手笔,Dk19,Dk19A08,=,15461,Dk19 · 著述
打印稿,Dk19,Dk19C07,#,15514,Dk19 · 著述
批文,Dk19,Dk19B28,#,15499,Dk19 · 著述
拙稿,Dk19,Dk19A05,=,15458,Dk19 · 著述
拙笔,Dk19,Dk19A05,=,15458,Dk19 · 著述
挽词,Dk19,Dk19B06,=,15477,Dk19 · 著述
文言,Dk19,Dk19B11,=,15482,Dk19 · 著述
文言文,Dk19,Dk19B11,=,15482,Dk19 · 著述
旧作,Dk19,Dk19A14,#,15467,Dk19 · 著述
未定稿,Dk19,Dk19C03,=,15510,Dk19 · 著述
本草,Dk19,Dk19A11,@,15464,Dk19 · 著述
本草纲目,Dk19,Dk19A15,#,15468,Dk19 · 著述
札记,Dk19,Dk19B05,=,15476,Dk19 · 著述
来文,Dk19,Dk19B28,#,15499,Dk19 · 著述
样稿,Dk19,Dk19C07,#,15514,Dk19 · 著述
楚辞,Dk19,Dk19A15,#,15468,Dk19 · 著述
歌赋,Dk19,Dk19A18,#,15471,Dk19 · 著述
正传,Dk19,Dk19B19,@,15490,Dk19 · 著述
残稿,Dk19,Dk19C07,#,15514,Dk19 · 著述
汉书,Dk19,Dk19A15,#,15468,Dk19 · 著述
片纸只字,Dk19,Dk19A09,=,15462,Dk19 · 著述
电文,Dk19,Dk19B28,#,15499,Dk19 · 著述
画卷,Dk19,Dk19A12,@,15465,Dk19 · 著述
真迹,Dk19,Dk19A08,=,15461,Dk19 · 著述
短文,Dk19,Dk19B28,#,15499,Dk19 · 著述
碑文,Dk19,Dk19B07,=,15478,Dk19 · 著述
碑记,Dk19,Dk19B07,=,15478,Dk19 · 著述
社论,Dk19,Dk19B02,=,15473,Dk19 · 著述
祷文,Dk19,Dk19B06,=,15477,Dk19 · 著述
稿件,Dk19,Dk19C01,=,15508,Dk19 · 著述
稿本,Dk19,Dk19C04,=,15511,Dk19 · 著述
笔札,Dk19,Dk19B01,=,15472,Dk19 · 著述
篇什,Dk19,Dk19B33,#,15504,Dk19 · 著述
红楼梦,Dk19,Dk19A15,#,15468,Dk19 · 著述
纪实,Dk19,Dk19B18,@,15489,Dk19 · 著述
绝响,Dk19,Dk19A03,=,15456,Dk19 · 著述
绝笔,Dk19,Dk19A07,=,15460,Dk19 · 著述
艺文,Dk19,Dk19B20,@,15491,Dk19 · 著述
补白,Dk19,Dk19B30,#,15501,Dk19 · 著述
讨论稿,Dk19,Dk19C07,#,15514,Dk19 · 著述
论丛,Dk19,Dk19A17,#,15470,Dk19 · 著述
论说文,Dk19,Dk19B15,=,15486,Dk19 · 著述
译丛,Dk19,Dk19A17,#,15470,Dk19 · 著述
译文,Dk19,Dk19B28,#,15499,Dk19 · 著述
译稿,Dk19,Dk19C07,#,15514,Dk19 · 著述
译著,Dk19,Dk19A13,#,15466,Dk19 · 著述
诗词选,Dk19,Dk19A16,#,15469,Dk19 · 著述
话说,Dk19,Dk19B22,@,15493,Dk19 · 著述
语体文,Dk19,Dk19B12,=,15483,Dk19 · 著述
说明文,Dk19,Dk19B15,=,15486,Dk19 · 著述
课文,Dk19,Dk19B29,#,15500,Dk19 · 著述
辞章,Dk19,Dk19B26,=,15497,Dk19 · 著述
遗墨,Dk19,Dk19A07,=,15460,Dk19 · 著述
遗稿,Dk19,Dk19A07,=,15460,Dk19 · 著述
遗著,Dk19,Dk19A07,=,15460,Dk19 · 著述
邓选,Dk19,Dk19A15,#,15468,Dk19 · 著述
释文,Dk19,Dk19B28,#,15499,Dk19 · 著述
长卷,Dk19,Dk19B36,#,15507,Dk19 · 著述
长篇,Dk19,Dk19B36,#,15507,Dk19 · 著述
长编,Dk19,Dk19C03,=,15510,Dk19 · 著述
雄文,Dk19,Dk19A03,=,15456,Dk19 · 著述
韵文,Dk19,Dk19B28,#,15499,Dk19 · 著述
鸣谢碑,Dk19,Dk19B34,#,15505,Dk19 · 著述
鸿篇,Dk19,Dk19B33,#,15504,Dk19 · 著述
上座率,Dn07,Dn07A03,#,16415,Dn07 · 比率
上涨率,Dn07,Dn07A03,#,16415,Dn07 · 比率
中标率,Dn07,Dn07A03,#,16415,Dn07 · 比率
产出率,Dn07,Dn07A03,#,16415,Dn07 · 比率
产量比,Dn07,Dn07B04,#,16419,Dn07 · 比率
优秀率,Dn07,Dn07A03,#,16415,Dn07 · 比率
优良率,Dn07,Dn07A03,#,16415,Dn07 · 比率
传动比,Dn07,Dn07B04,#,16419,Dn07 · 比率
使用率,Dn07,Dn07A03,#,16415,Dn07 · 比率
保险费率,Dn07,Dn07A03,#,16415,Dn07 · 比率
债务率,Dn07,Dn07A03,#,16415,Dn07 · 比率
储备率,Dn07,Dn07A03,#,16415,Dn07 · 比率
兑换率,Dn07,Dn07A03,#,16415,Dn07 · 比率
入学率,Dn07,Dn07A03,#,16415,Dn07 · 比率
再就业率,Dn07,Dn07A03,#,16415,Dn07 · 比率
准备金率,Dn07,Dn07A03,#,16415,Dn07 · 比率
准确率,Dn07,Dn07A03,#,16415,Dn07 · 比率
出勤率,Dn07,Dn07A03,#,16415,Dn07 · 比率
出生率,Dn07,Dn07A03,#,16415,Dn07 · 比率
出警率,Dn07,Dn07A03,#,16415,Dn07 · 比率
利率,Dn07,Dn07A03,#,16415,Dn07 · 比率
占有率,Dn07,Dn07A03,#,16415,Dn07 · 比率
发射率,Dn07,Dn07A03,#,16415,Dn07 · 比率
发案率,Dn07,Dn07A03,#,16415,Dn07 · 比率
发生率,Dn07,Dn07A03,#,16415,Dn07 · 比率
发芽势,Dn07,Dn07A03,#,16415,Dn07 · 比率
发芽率,Dn07,Dn07A03,#,16415,Dn07 · 比率
合格率,Dn07,Dn07A03,#,16415,Dn07 · 比率
周率,Dn07,Dn07A03,#,16415,Dn07 · 比率
周转率,Dn07,Dn07A03,#,16415,Dn07 · 比率
命中率,Dn07,Dn07A03,#,16415,Dn07 · 比率
固定汇率,Dn07,Dn07A03,#,16415,Dn07 · 比率
增长点,Dn07,Dn07B04,#,16419,Dn07 · 比率
复利率,Dn07,Dn07A03,#,16415,Dn07 · 比率
存活率,Dn07,Dn07A03,#,16415,Dn07 · 比率
就业率,Dn07,Dn07A03,#,16415,Dn07 · 比率
巩固率,Dn07,Dn07A03,#,16415,Dn07 · 比率
差价率,Dn07,Dn07A03,#,16415,Dn07 · 比率
带勤率,Dn07,Dn07A03,#,16415,Dn07 · 比率
应用率,Dn07,Dn07A03,#,16415,Dn07 · 比率
开工率,Dn07,Dn07A03,#,16415,Dn07 · 比率
感染率,Dn07,Dn07A03,#,16415,Dn07 · 比率
成功率,Dn07,Dn07A03,#,16415,Dn07 · 比率
所得税率,Dn07,Dn07A03,#,16415,Dn07 · 比率
扁率,Dn07,Dn07A03,#,16415,Dn07 · 比率
扣除率,Dn07,Dn07A03,#,16415,Dn07 · 比率
批销费率,Dn07,Dn07A03,#,16415,Dn07 · 比率
投资率,Dn07,Dn07A03,#,16415,Dn07 · 比率
报酬率,Dn07,Dn07A03,#,16415,Dn07 · 比率
接通率,Dn07,Dn07A03,#,16415,Dn07 · 比率
收益率,Dn07,Dn07A03,#,16415,Dn07 · 比率
收缴率,Dn07,Dn07A03,#,16415,Dn07 · 比率
收视率,Dn07,Dn07A03,#,16415,Dn07 · 比率
收贷率,Dn07,Dn07A03,#,16415,Dn07 · 比率
斜率,Dn07,Dn07A03,#,16415,Dn07 · 比率
有效率,Dn07,Dn07A03,#,16415,Dn07 · 比率
查准率,Dn07,Dn07A03,#,16415,Dn07 · 比率
概率,Dn07,Dn07A02,=,16414,Dn07 · 比率
比例,Dn07,Dn07B01,=,16416,Dn07 · 比率
比重,Dn07,Dn07C01,=,16420,Dn07 · 比率
毛利率,Dn07,Dn07A03,#,16415,Dn07 · 比率
汇率,Dn07,Dn07A03,#,16415,Dn07 · 比率
波特率,Dn07,Dn07A03,#,16415,Dn07 · 比率
浮动汇率,Dn07,Dn07A03,#,16415,Dn07 · 比率
淘汰率,Dn07,Dn07A03,#,16415,Dn07 · 比率
满意率,Dn07,Dn07A03,#,16415,Dn07 · 比率
焦比,Dn07,Dn07B04,#,16419,Dn07 · 比率
犯罪率,Dn07,Dn07A03,#,16415,Dn07 · 比率
生育率,Dn07,Dn07A03,#,16415,Dn07 · 比率
生长率,Dn07,Dn07A03,#,16415,Dn07 · 比率
用率,Dn07,Dn07A03,#,16415,Dn07 · 比率
申报率,Dn07,Dn07A03,#,16415,Dn07 · 比率
电功率,Dn07,Dn07A03,#,16415,Dn07 · 比率
百分比,Dn07,Dn07C01,=,16420,Dn07 · 比率
百分率,Dn07,Dn07A03,#,16415,Dn07 · 比率
相率,Dn07,Dn07A03,#,16415,Dn07 · 比率
磁导率,Dn07,Dn07A03,#,16415,Dn07 · 比率
祖率,Dn07,Dn07A03,#,16415,Dn07 · 比率
票房价值,Dn07,Dn07A02,=,16414,Dn07 · 比率
租售率,Dn07,Dn07A03,#,16415,Dn07 · 比率
稳定率,Dn07,Dn07A03,#,16415,Dn07 · 比率
繁殖率,Dn07,Dn07A03,#,16415,Dn07 · 比率
结实率,Dn07,Dn07A03,#,16415,Dn07 · 比率
结案率,Dn07,Dn07A03,#,16415,Dn07 · 比率
统供率,Dn07,Dn07A03,#,16415,Dn07 · 比率
节资率,Dn07,Dn07A03,#,16415,Dn07 · 比率
衣分,Dn07,Dn07B04,#,16419,Dn07 · 比率
贡献率,Dn07,Dn07A03,#,16415,Dn07 · 比率
贴补率,Dn07,Dn07A03,#,16415,Dn07 · 比率
贷存比,Dn07,Dn07B04,#,16419,Dn07 · 比率
转化率,Dn07,Dn07A03,#,16415,Dn07 · 比率
达标率,Dn07,Dn07A03,#,16415,Dn07 · 比率
返修率,Dn07,Dn07A03,#,16415,Dn07 · 比率
违章率,Dn07,Dn07A03,#,16415,Dn07 · 比率
速率,Dn07,Dn07A03,#,16415,Dn07 · 比率
配比,Dn07,Dn07A03,#,16415,Dn07 · 比率
采收率,Dn07,Dn07A03,#,16415,Dn07 · 比率
销售率,Dn07,Dn07A03,#,16415,Dn07 · 比率
零税率,Dn07,Dn07A03,#,16415,Dn07 · 比率
非文盲率,Dn07,Dn07A03,#,16415,Dn07 · 比率
一了百了,Ig01,Ig01B01,=,22590,Ig01 · 从头
上路,Ig01,Ig01A08,=,22573,Ig01 · 从头
下学,Ig01,Ig01B10,=,22599,Ig01 · 从头
下操,Ig01,Ig01B08,=,22597,Ig01 · 从头
下班,Ig01,Ig01B07,=,22596,Ig01 · 从头
下课,Ig01,Ig01B09,@,22598,Ig01 · 从头
为止,Ig01,Ig01B01,=,22590,Ig01 · 从头
了事,Ig01,Ig01B01,=,22590,Ig01 · 从头
了断,Ig01,Ig01B01,=,22590,Ig01 · 从头
了结,Ig01,Ig01B01,=,22590,Ig01 · 从头
从头,Ig01,Ig01A01,=,22566,Ig01 · 从头
休业,Ig01,Ig01B15,#,22604,Ig01 · 从头
住手,Ig01,Ig01B02,=,22591,Ig01 · 从头
作罢,Ig01,Ig01B03,=,22592,Ig01 · 从头
入伏,Ig01,Ig01A15,@,22580,Ig01 · 从头
入冬,Ig01,Ig01A24,=,22589,Ig01 · 从头
入夏,Ig01,Ig01A24,=,22589,Ig01 · 从头
入手,Ig01,Ig01A02,=,22567,Ig01 · 从头
入春,Ig01,Ig01A24,=,22589,Ig01 · 从头
入秋,Ig01,Ig01A24,=,22589,Ig01 · 从头
兴工,Ig01,Ig01A03,=,22568,Ig01 · 从头
出伏,Ig01,Ig01B16,#,22605,Ig01 · 从头
出发,Ig01,Ig01A08,=,22573,Ig01 · 从头
出航,Ig01,Ig01A10,=,22575,Ig01 · 从头
初始,Ig01,Ig01A01,=,22566,Ig01 · 从头
初来乍到,Ig01,Ig01A19,@,22584,Ig01 · 从头
初露,Ig01,Ig01A01,=,22566,Ig01 · 从头
剧终,Ig01,Ig01B05,=,22594,Ig01 · 从头
千帆竞发,Ig01,Ig01A01,=,22566,Ig01 · 从头
发车,Ig01,Ig01A09,=,22574,Ig01 · 从头
启动,Ig01,Ig01A07,=,22572,Ig01 · 从头
启幕,Ig01,Ig01A01,=,22566,Ig01 · 从头
启碇,Ig01,Ig01A10,=,22575,Ig01 · 从头
启程,Ig01,Ig01A08,=,22573,Ig01 · 从头
启航,Ig01,Ig01A07,=,22572,Ig01 · 从头
启运,Ig01,Ig01A12,=,22577,Ig01 · 从头
告竣,Ig01,Ig01B01,=,22590,Ig01 · 从头
告终,Ig01,Ig01B01,=,22590,Ig01 · 从头
售完,Ig01,Ig01B11,=,22600,Ig01 · 从头
善终,Ig01,Ig01B01,=,22590,Ig01 · 从头
善罢甘休,Ig01,Ig01B02,=,22591,Ig01 · 从头
始业,Ig01,Ig01A05,=,22570,Ig01 · 从头
始发,Ig01,Ig01A01,=,22566,Ig01 · 从头
始起,Ig01,Ig01A01,=,22566,Ig01 · 从头
开学,Ig01,Ig01A05,=,22570,Ig01 · 从头
开市,Ig01,Ig01A06,=,22571,Ig01 · 从头
开幕,Ig01,Ig01A13,=,22578,Ig01 · 从头
开张,Ig01,Ig01A23,=,22588,Ig01 · 从头
开拔,Ig01,Ig01A06,=,22571,Ig01 · 从头
开班,Ig01,Ig01A01,=,22566,Ig01 · 从头
开盘,Ig01,Ig01A23,=,22588,Ig01 · 从头
开行,Ig01,Ig01A07,=,22572,Ig01 · 从头
开讲,Ig01,Ig01A23,=,22588,Ig01 · 从头
截止,Ig01,Ig01B01,=,22590,Ig01 · 从头
扫尾,Ig01,Ig01B01,=,22590,Ig01 · 从头
扬帆,Ig01,Ig01A10,=,22575,Ig01 · 从头
拉倒,Ig01,Ig01B14,@,22603,Ig01 · 从头
拔锚,Ig01,Ig01A10,=,22575,Ig01 · 从头
挂锄,Ig01,Ig01B15,#,22604,Ig01 · 从头
挂镰,Ig01,Ig01B15,#,22604,Ig01 · 从头
揭幕,Ig01,Ig01A13,=,22578,Ig01 · 从头
收尾,Ig01,Ig01B01,=,22590,Ig01 · 从头
收市,Ig01,Ig01B15,#,22604,Ig01 · 从头
收摊儿,Ig01,Ig01B01,=,22590,Ig01 · 从头
收操,Ig01,Ig01B08,=,22597,Ig01 · 从头
收盘,Ig01,Ig01B15,#,22604,Ig01 · 从头
放学,Ig01,Ig01B10,=,22599,Ig01 · 从头
放工,Ig01,Ig01B07,=,22596,Ig01 · 从头
散会,Ig01,Ig01B04,=,22593,Ig01 · 从头
散场,Ig01,Ig01B05,=,22594,Ig01 · 从头
方始,Ig01,Ig01A01,=,22566,Ig01 · 从头
歇手,Ig01,Ig01B02,=,22591,Ig01 · 从头
江郎才尽,Ig01,Ig01B12,@,22601,Ig01 · 从头
用尽,Ig01,Ig01B02,=,22591,Ig01 · 从头
登程,Ig01,Ig01A08,=,22573,Ig01 · 从头
着手,Ig01,Ig01A02,=,22567,Ig01 · 从头
竣工,Ig01,Ig01B01,=,22590,Ig01 · 从头
终末,Ig01,Ig01B13,@,22602,Ig01 · 从头
结业,Ig01,Ig01B06,=,22595,Ig01 · 从头
结束,Ig01,Ig01B01,=,22590,Ig01 · 从头
罢休,Ig01,Ig01B02,=,22591,Ig01 · 从头
罢手,Ig01,Ig01B02,=,22591,Ig01 · 从头
脱销,Ig01,Ig01B11,=,22600,Ig01 · 从头
致力于,Ig01,Ig01A20,@,22585,Ig01 · 从头
落幕,Ig01,Ig01B05,=,22594,Ig01 · 从头
试营业,Ig01,Ig01A18,@,22583,Ig01 · 从头
说尽,Ig01,Ig01B01,=,22590,Ig01 · 从头
起先,Ig01,Ig01A07,=,22572,Ig01 · 从头
起动,Ig01,Ig01A07,=,22572,Ig01 · 从头
起碇,Ig01,Ig01A10,=,22575,Ig01 · 从头
起航,Ig01,Ig01A10,=,22575,Ig01 · 从头
起航,Ig01,Ig01A11,=,22576,Ig01 · 从头
起行,Ig01,Ig01A08,=,22573,Ig01 · 从头
起跑,Ig01,Ig01A23,=,22588,Ig01 · 从头
起运,Ig01,Ig01A12,=,22577,Ig01 · 从头
起锚,Ig01,Ig01A10,=,22575,Ig01 · 从头
起飞,Ig01,Ig01A11,=,22576,Ig01 · 从头
造端,Ig01,Ig01A01,=,22566,Ig01 · 从头
闭会,Ig01,Ig01B04,=,22593,Ig01 · 从头
首途,Ig01,Ig01A08,=,22573,Ig01 · 从头
